"ENHSP-OPT-HRADD[-de 1 -dp 1 -dh 1],CoOpRobots-NODELTA,problem-5000.pddl,False,True,60000,-1,0,-1,-1,-1"
"ENHSP-OPT-BLIND[-de 1 -dp 1 -dh 1],CoOpRobots-NODELTA,problem-20000.pddl,False,True,60000,-1,0,-1,-1,-1"
"ENHSP-OPT-HMRP[-de 1 -dp 1 -dh 1],CoOpRobots-NODELTA,problem-500.pddl,False,True,60000,-1,0,-1,-1,-1"
"ENHSP-SAT-HRADD[-de 1 -dp 1 -dh 1],CoOpRobots-NODELTA,problem-5000.pddl,False,True,60000,-1,0,-1,-1,-1"
"ENHSP-SAT-HADD[-de 1 -dp 1 -dh 1],CoOpRobots-DELTA,problem-2000.pddl,False,True,60000,-1,0,-1,-1,-1"
"ENHSP-OPT-HRADD[-de 1 -dp 1 -dh 1],CoOpRobots-NODELTA,problem-10000.pddl,False,True,60000,-1,0,-1,-1,-1"
"ENHSP-OPT-HADD[-de 1 -dp 3 -dh 3],CoOpRobots-NODELTA,problem-3000.pddl,False,True,60000,-1,0,-1,-1,-1"
"ENHSP-SAT-HMAX[-de 1 -dp 1 -dh 1],CoOpRobots-DELTA,problem-10.pddl,False,True,60000,-1,0,-1,-1,-1"
"ENHSP-OPT-HMAX[-de 1 -dp 1 -dh 1],CoOpRobots-DELTA,problem-10000.pddl,False,True,60000,-1,0,-1,-1,-1"
"ENHSP-OPT-HADD[-de 1 -dp 1 -dh 1],CoOpRobots-NODELTA,problem-5000.pddl,False,True,60000,-1,0,-1,-1,-1"
"ENHSP-OPT-HRADD[-de 1 -dp 1 -dh 1],CoOpRobots-NODELTA,problem-2000.pddl,False,True,60000,-1,0,-1,-1,-1"
"ENHSP-SAT-HMRP[-de 1 -dp 1 -dh 1],CoOpRobots-NODELTA,problem-100.pddl,False,True,60000,-1,0,-1,-1,-1"
"ENHSP-SAT-HADD[-de 1 -dp 3 -dh 3],CoOpRobots-NODELTA,problem-3000.pddl,False,True,60000,-1,0,-1,-1,-1"
"ENHSP-SAT-BLIND[-de 1 -dp 1 -dh 1],CoOpRobots-DELTA,problem-10000.pddl,False,True,60000,-1,0,-1,-1,-1"
"ENHSP-OPT-HMRP[-de 1 -dp 1 -dh 1],CoOpRobots-NODELTA,problem-2000.pddl,False,True,60000,-1,0,-1,-1,-1"
"ENHSP-OPT-HMRP[-de 1 -dp 3 -dh 3],CoOpRobots-NODELTA,problem-500.pddl,False,True,60000,-1,0,-1,-1,-1"
"ENHSP-OPT-HMAX[-de 1 -dp 1 -dh 1],CoOpRobots-NODELTA,problem-100.pddl,False,True,60000,-1,0,-1,-1,-1"
"ENHSP-SAT-HMAX[-de 1 -dp 3 -dh 3],CoOpRobots-NODELTA,problem-3000.pddl,False,True,60000,-1,0,-1,-1,-1"
"ENHSP-OPT-HMAX[-de 1 -dp 1 -dh 1],CoOpRobots-DELTA,problem-3000.pddl,False,True,60000,-1,0,-1,-1,-1"
"ENHSP-SAT-HMAX[-de 1 -dp 1 -dh 1],CoOpRobots-NODELTA,problem-1000.pddl,False,True,60000,-1,0,-1,-1,-1"
"ENHSP-OPT-HMRP[-de 1 -dp 3 -dh 3],CoOpRobots-NODELTA,problem-5000.pddl,False,True,60000,-1,0,-1,-1,-1"
"ENHSP-SAT-HRADD[-de 1 -dp 1 -dh 1],CoOpRobots-NODELTA,problem-20000.pddl,False,True,60000,-1,0,-1,-1,-1"
"ENHSP-SAT-AIBR[-de 1 -dp 1 -dh 1],CoOpRobots-NODELTA,problem-2000.pddl,False,True,60000,-1,0,-1,-1,-1"
"ENHSP-SAT-AIBR[-de 1 -dp 1 -dh 1],CoOpRobots-NODELTA,problem-4000.pddl,False,True,60000,-1,0,-1,-1,-1"
"ENHSP-SAT-AIBR[-de 1 -dp 3 -dh 3],CoOpRobots-NODELTA,problem-10000.pddl,False,True,60000,-1,0,-1,-1,-1"
"ENHSP-OPT-HMRP[-de 1 -dp 1 -dh 1],CoOpRobots-DELTA,problem-1000.pddl,False,True,60000,-1,0,-1,-1,-1"
"ENHSP-OPT-HMAX[-de 1 -dp 1 -dh 1],CoOpRobots-NODELTA,problem-500.pddl,False,True,60000,-1,0,-1,-1,-1"
"ENHSP-OPT-BLIND[-de 1 -dp 1 -dh 1],CoOpRobots-DELTA,problem-2000.pddl,False,True,60000,-1,0,-1,-1,-1"
"ENHSP-OPT-HRADD[-de 1 -dp 1 -dh 1],CoOpRobots-DELTA,problem-3000.pddl,False,True,60000,-1,0,-1,-1,-1"
"ENHSP-SAT-HMAX[-de 1 -dp 1 -dh 1],CoOpRobots-NODELTA,problem-10.pddl,True,False,14610.0,-1,244,-1,-1,-1"
"ENHSP-SAT-HMAX[-de 1 -dp 1 -dh 1],CoOpRobots-NODELTA,problem-200.pddl,True,False,6240.0,-1,128,-1,-1,-1"
"ENHSP-OPT-HMAX[-de 1 -dp 1 -dh 1],CoOpRobots-DELTA,problem-200.pddl,True,False,6520.0,-1,18,-1,-1,-1"
"ENHSP-OPT-HMAX[-de 1 -dp 3 -dh 3],CoOpRobots-NODELTA,problem-5000.pddl,False,True,60000,-1,0,-1,-1,-1"
"ENHSP-OPT-HMAX[-de 1 -dp 3 -dh 3],CoOpRobots-NODELTA,problem-200.pddl,False,True,60000,-1,0,-1,-1,-1"
"ENHSP-OPT-HADD[-de 1 -dp 1 -dh 1],CoOpRobots-NODELTA,problem-3000.pddl,False,True,60000,-1,0,-1,-1,-1"
"ENHSP-SAT-HRADD[-de 1 -dp 1 -dh 1],CoOpRobots-DELTA,problem-100.pddl,False,True,60000,-1,0,-1,-1,-1"
"ENHSP-SAT-HADD[-de 1 -dp 1 -dh 1],CoOpRobots-DELTA,problem-4000.pddl,False,True,60000,-1,0,-1,-1,-1"
"ENHSP-OPT-HMAX[-de 1 -dp 1 -dh 1],CoOpRobots-DELTA,problem-5000.pddl,False,True,60000,-1,0,-1,-1,-1"
"ENHSP-OPT-AIBR[-de 1 -dp 1 -dh 1],CoOpRobots-NODELTA,problem-10000.pddl,False,True,60000,-1,0,-1,-1,-1"
"ENHSP-SAT-HMRP[-de 1 -dp 1 -dh 1],CoOpRobots-NODELTA,problem-1000.pddl,False,True,60000,-1,0,-1,-1,-1"
"ENHSP-SAT-BLIND[-de 1 -dp 1 -dh 1],CoOpRobots-DELTA,problem-200.pddl,False,True,60000,-1,0,-1,-1,-1"
"ENHSP-SAT-AIBR[-de 1 -dp 1 -dh 1],CoOpRobots-NODELTA,problem-3000.pddl,False,True,60000,-1,0,-1,-1,-1"
"ENHSP-SAT-BLIND[-de 1 -dp 1 -dh 1],CoOpRobots-DELTA,problem-3000.pddl,False,True,60000,-1,0,-1,-1,-1"
"ENHSP-OPT-HRADD[-de 1 -dp 1 -dh 1],CoOpRobots-DELTA,problem-1000.pddl,False,True,60000,-1,0,-1,-1,-1"
"ENHSP-OPT-AIBR[-de 1 -dp 3 -dh 3],CoOpRobots-NODELTA,problem-4000.pddl,False,True,60000,-1,0,-1,-1,-1"
"ENHSP-SAT-HRADD[-de 1 -dp 1 -dh 1],CoOpRobots-DELTA,problem-2000.pddl,False,True,60000,-1,0,-1,-1,-1"
"ENHSP-SAT-AIBR[-de 1 -dp 3 -dh 3],CoOpRobots-NODELTA,problem-100.pddl,True,False,3920.0,-1,120,-1,-1,-1"
"ENHSP-OPT-HMRP[-de 1 -dp 1 -dh 1],CoOpRobots-NODELTA,problem-20000.pddl,False,True,60000,-1,0,-1,-1,-1"
"ENHSP-SAT-AIBR[-de 1 -dp 1 -dh 1],CoOpRobots-DELTA,problem-10.pddl,False,True,60000,-1,0,-1,-1,-1"
"ENHSP-SAT-HMRP[-de 1 -dp 1 -dh 1],CoOpRobots-DELTA,problem-3000.pddl,False,True,60000,-1,0,-1,-1,-1"
"ENHSP-OPT-HADD[-de 1 -dp 3 -dh 3],CoOpRobots-NODELTA,problem-1000.pddl,False,True,60000,-1,0,-1,-1,-1"
"ENHSP-SAT-HMRP[-de 1 -dp 3 -dh 3],CoOpRobots-NODELTA,problem-20000.pddl,False,True,60000,-1,0,-1,-1,-1"
"ENHSP-SAT-HADD[-de 1 -dp 1 -dh 1],CoOpRobots-NODELTA,problem-4000.pddl,False,True,60000,-1,0,-1,-1,-1"
"ENHSP-SAT-HADD[-de 1 -dp 1 -dh 1],CoOpRobots-NODELTA,problem-200.pddl,False,True,60000,-1,0,-1,-1,-1"
"ENHSP-OPT-BLIND[-de 1 -dp 3 -dh 3],CoOpRobots-NODELTA,problem-5000.pddl,False,True,60000,-1,0,-1,-1,-1"
"ENHSP-SAT-HMRP[-de 1 -dp 1 -dh 1],CoOpRobots-NODELTA,problem-2000.pddl,False,True,60000,-1,0,-1,-1,-1"
"ENHSP-OPT-AIBR[-de 1 -dp 1 -dh 1],CoOpRobots-DELTA,problem-20000.pddl,False,True,60000,-1,0,-1,-1,-1"
"ENHSP-SAT-HADD[-de 1 -dp 1 -dh 1],CoOpRobots-DELTA,problem-10.pddl,False,True,60000,-1,0,-1,-1,-1"
"ENHSP-SAT-HRADD[-de 1 -dp 1 -dh 1],CoOpRobots-NODELTA,problem-10000.pddl,False,True,60000,-1,0,-1,-1,-1"
"ENHSP-OPT-AIBR[-de 1 -dp 1 -dh 1],CoOpRobots-NODELTA,problem-5000.pddl,False,True,60000,-1,0,-1,-1,-1"
"ENHSP-OPT-HRADD[-de 1 -dp 3 -dh 3],CoOpRobots-NODELTA,problem-2000.pddl,False,True,60000,-1,0,-1,-1,-1"
"ENHSP-OPT-BLIND[-de 1 -dp 1 -dh 1],CoOpRobots-DELTA,problem-4000.pddl,False,True,60000,-1,0,-1,-1,-1"
"ENHSP-OPT-AIBR[-de 1 -dp 3 -dh 3],CoOpRobots-NODELTA,problem-5000.pddl,False,True,60000,-1,0,-1,-1,-1"
"ENHSP-SAT-HMAX[-de 1 -dp 1 -dh 1],CoOpRobots-DELTA,problem-1.pddl,False,True,60000,-1,0,-1,-1,-1"
"ENHSP-SAT-AIBR[-de 1 -dp 3 -dh 3],CoOpRobots-NODELTA,problem-3000.pddl,False,True,60000,-1,0,-1,-1,-1"
"ENHSP-SAT-HMRP[-de 1 -dp 1 -dh 1],CoOpRobots-DELTA,problem-100.pddl,False,True,60000,-1,0,-1,-1,-1"
"ENHSP-SAT-BLIND[-de 1 -dp 1 -dh 1],CoOpRobots-NODELTA,problem-200.pddl,False,True,60000,-1,0,-1,-1,-1"
"ENHSP-SAT-HMAX[-de 1 -dp 1 -dh 1],CoOpRobots-NODELTA,problem-4000.pddl,False,True,60000,-1,0,-1,-1,-1"
"ENHSP-SAT-HADD[-de 1 -dp 3 -dh 3],CoOpRobots-NODELTA,problem-1.pddl,True,False,1000.0,-1,18,-1,-1,-1"
"ENHSP-OPT-BLIND[-de 1 -dp 1 -dh 1],CoOpRobots-NODELTA,problem-100.pddl,False,True,60000,-1,0,-1,-1,-1"
"ENHSP-OPT-AIBR[-de 1 -dp 1 -dh 1],CoOpRobots-NODELTA,problem-20000.pddl,False,True,60000,-1,0,-1,-1,-1"
"ENHSP-SAT-HMAX[-de 1 -dp 1 -dh 1],CoOpRobots-NODELTA,problem-100.pddl,False,True,60000,-1,0,-1,-1,-1"
"ENHSP-OPT-AIBR[-de 1 -dp 1 -dh 1],CoOpRobots-DELTA,problem-3000.pddl,False,True,60000,-1,0,-1,-1,-1"
"ENHSP-SAT-AIBR[-de 1 -dp 3 -dh 3],CoOpRobots-NODELTA,problem-10.pddl,True,False,1920.0,-1,66,-1,-1,-1"
"ENHSP-OPT-HMAX[-de 1 -dp 1 -dh 1],CoOpRobots-NODELTA,problem-5000.pddl,False,True,60000,-1,0,-1,-1,-1"
"ENHSP-SAT-HADD[-de 1 -dp 1 -dh 1],CoOpRobots-DELTA,problem-10000.pddl,False,True,60000,-1,0,-1,-1,-1"
"ENHSP-OPT-AIBR[-de 1 -dp 1 -dh 1],CoOpRobots-NODELTA,problem-500.pddl,False,True,60000,-1,0,-1,-1,-1"
"ENHSP-SAT-HRADD[-de 1 -dp 3 -dh 3],CoOpRobots-NODELTA,problem-10000.pddl,False,True,60000,-1,0,-1,-1,-1"
"ENHSP-SAT-HMRP[-de 1 -dp 1 -dh 1],CoOpRobots-DELTA,problem-5000.pddl,False,True,60000,-1,0,-1,-1,-1"
"ENHSP-SAT-HADD[-de 1 -dp 1 -dh 1],CoOpRobots-DELTA,problem-200.pddl,False,True,60000,-1,0,-1,-1,-1"
"ENHSP-SAT-HADD[-de 1 -dp 1 -dh 1],CoOpRobots-DELTA,problem-5000.pddl,False,True,60000,-1,0,-1,-1,-1"
"ENHSP-SAT-HADD[-de 1 -dp 1 -dh 1],CoOpRobots-NODELTA,problem-500.pddl,False,True,60000,-1,0,-1,-1,-1"
"ENHSP-SAT-HRADD[-de 1 -dp 1 -dh 1],CoOpRobots-DELTA,problem-4000.pddl,False,True,60000,-1,0,-1,-1,-1"
"ENHSP-OPT-HRADD[-de 1 -dp 3 -dh 3],CoOpRobots-NODELTA,problem-4000.pddl,False,True,60000,-1,0,-1,-1,-1"
"ENHSP-OPT-AIBR[-de 1 -dp 1 -dh 1],CoOpRobots-DELTA,problem-2000.pddl,False,True,60000,-1,0,-1,-1,-1"
"ENHSP-SAT-BLIND[-de 1 -dp 1 -dh 1],CoOpRobots-NODELTA,problem-2000.pddl,False,True,60000,-1,0,-1,-1,-1"
"ENHSP-OPT-HADD[-de 1 -dp 1 -dh 1],CoOpRobots-DELTA,problem-100.pddl,True,False,4430.0,-1,18,-1,-1,-1"
"ENHSP-OPT-HMAX[-de 1 -dp 1 -dh 1],CoOpRobots-NODELTA,problem-20000.pddl,False,True,60000,-1,0,-1,-1,-1"
"ENHSP-SAT-HMRP[-de 1 -dp 1 -dh 1],CoOpRobots-NODELTA,problem-500.pddl,False,True,60000,-1,0,-1,-1,-1"
"ENHSP-SAT-BLIND[-de 1 -dp 1 -dh 1],CoOpRobots-NODELTA,problem-20000.pddl,False,True,60000,-1,0,-1,-1,-1"
"ENHSP-OPT-HMAX[-de 1 -dp 1 -dh 1],CoOpRobots-NODELTA,problem-10.pddl,True,False,14550.0,-1,18,-1,-1,-1"
"ENHSP-SAT-HADD[-de 1 -dp 3 -dh 3],CoOpRobots-NODELTA,problem-100.pddl,True,False,4630.0,-1,154,-1,-1,-1"
"ENHSP-SAT-HMAX[-de 1 -dp 3 -dh 3],CoOpRobots-NODELTA,problem-500.pddl,True,False,9140.0,-1,174,-1,-1,-1"
"ENHSP-SAT-BLIND[-de 1 -dp 1 -dh 1],CoOpRobots-DELTA,problem-20000.pddl,False,True,60000,-1,0,-1,-1,-1"
"ENHSP-OPT-HRADD[-de 1 -dp 1 -dh 1],CoOpRobots-NODELTA,problem-200.pddl,False,True,60000,-1,0,-1,-1,-1"
"ENHSP-SAT-HRADD[-de 1 -dp 1 -dh 1],CoOpRobots-NODELTA,problem-100.pddl,False,True,60000,-1,0,-1,-1,-1"
"ENHSP-SAT-HRADD[-de 1 -dp 1 -dh 1],CoOpRobots-NODELTA,problem-200.pddl,False,True,60000,-1,0,-1,-1,-1"
"ENHSP-SAT-HMRP[-de 1 -dp 1 -dh 1],CoOpRobots-NODELTA,problem-4000.pddl,False,True,60000,-1,0,-1,-1,-1"
"ENHSP-SAT-HMRP[-de 1 -dp 1 -dh 1],CoOpRobots-NODELTA,problem-3000.pddl,False,True,60000,-1,0,-1,-1,-1"
"ENHSP-OPT-HMRP[-de 1 -dp 3 -dh 3],CoOpRobots-NODELTA,problem-1000.pddl,False,True,60000,-1,0,-1,-1,-1"
"ENHSP-SAT-HADD[-de 1 -dp 1 -dh 1],CoOpRobots-DELTA,problem-3000.pddl,False,True,60000,-1,0,-1,-1,-1"
"ENHSP-SAT-HRADD[-de 1 -dp 1 -dh 1],CoOpRobots-NODELTA,problem-1000.pddl,False,True,60000,-1,0,-1,-1,-1"
"ENHSP-SAT-BLIND[-de 1 -dp 1 -dh 1],CoOpRobots-NODELTA,problem-4000.pddl,False,True,60000,-1,0,-1,-1,-1"
"ENHSP-SAT-HMAX[-de 1 -dp 3 -dh 3],CoOpRobots-NODELTA,problem-5000.pddl,False,True,60000,-1,0,-1,-1,-1"
"ENHSP-SAT-AIBR[-de 1 -dp 1 -dh 1],CoOpRobots-DELTA,problem-100.pddl,True,False,40460.0,-1,20,-1,-1,-1"
"ENHSP-OPT-HADD[-de 1 -dp 3 -dh 3],CoOpRobots-NODELTA,problem-10.pddl,True,False,2310.0,-1,18,-1,-1,-1"
"ENHSP-SAT-BLIND[-de 1 -dp 1 -dh 1],CoOpRobots-DELTA,problem-10.pddl,False,True,60000,-1,0,-1,-1,-1"
"ENHSP-OPT-AIBR[-de 1 -dp 1 -dh 1],CoOpRobots-NODELTA,problem-1000.pddl,False,True,60000,-1,0,-1,-1,-1"
"ENHSP-OPT-HRADD[-de 1 -dp 1 -dh 1],CoOpRobots-NODELTA,problem-4000.pddl,False,True,60000,-1,0,-1,-1,-1"
"ENHSP-SAT-BLIND[-de 1 -dp 3 -dh 3],CoOpRobots-NODELTA,problem-1.pddl,True,False,1070.0,-1,54,-1,-1,-1"
"ENHSP-SAT-BLIND[-de 1 -dp 3 -dh 3],CoOpRobots-NODELTA,problem-2000.pddl,False,True,60000,-1,0,-1,-1,-1"
"ENHSP-SAT-BLIND[-de 1 -dp 1 -dh 1],CoOpRobots-NODELTA,problem-10.pddl,True,False,1250.0,-1,670,-1,-1,-1"
"ENHSP-OPT-BLIND[-de 1 -dp 1 -dh 1],CoOpRobots-DELTA,problem-3000.pddl,False,True,60000,-1,0,-1,-1,-1"
"ENHSP-SAT-BLIND[-de 1 -dp 1 -dh 1],CoOpRobots-DELTA,problem-500.pddl,False,True,60000,-1,0,-1,-1,-1"
"ENHSP-SAT-AIBR[-de 1 -dp 3 -dh 3],CoOpRobots-NODELTA,problem-500.pddl,True,False,20850.0,-1,120,-1,-1,-1"
"ENHSP-SAT-BLIND[-de 1 -dp 3 -dh 3],CoOpRobots-NODELTA,problem-3000.pddl,True,False,2910.0,-1,248,-1,-1,-1"
"ENHSP-OPT-BLIND[-de 1 -dp 3 -dh 3],CoOpRobots-NODELTA,problem-500.pddl,False,True,60000,-1,0,-1,-1,-1"
"ENHSP-OPT-HMRP[-de 1 -dp 3 -dh 3],CoOpRobots-NODELTA,problem-10000.pddl,False,True,60000,-1,0,-1,-1,-1"
"ENHSP-SAT-HADD[-de 1 -dp 1 -dh 1],CoOpRobots-NODELTA,problem-10000.pddl,False,True,60000,-1,0,-1,-1,-1"
"ENHSP-SAT-HMRP[-de 1 -dp 1 -dh 1],CoOpRobots-DELTA,problem-20000.pddl,False,True,60000,-1,0,-1,-1,-1"
"ENHSP-OPT-HMRP[-de 1 -dp 1 -dh 1],CoOpRobots-NODELTA,problem-1000.pddl,False,True,60000,-1,0,-1,-1,-1"
"ENHSP-OPT-HRADD[-de 1 -dp 1 -dh 1],CoOpRobots-DELTA,problem-100.pddl,True,False,6410.0,-1,18,-1,-1,-1"
"ENHSP-SAT-BLIND[-de 1 -dp 3 -dh 3],CoOpRobots-NODELTA,problem-10.pddl,True,False,1130.0,-1,270,-1,-1,-1"
"ENHSP-SAT-BLIND[-de 1 -dp 3 -dh 3],CoOpRobots-NODELTA,problem-100.pddl,False,True,60000,-1,0,-1,-1,-1"
"ENHSP-OPT-HRADD[-de 1 -dp 1 -dh 1],CoOpRobots-DELTA,problem-20000.pddl,False,True,60000,-1,0,-1,-1,-1"
"ENHSP-OPT-HMRP[-de 1 -dp 1 -dh 1],CoOpRobots-DELTA,problem-2000.pddl,False,True,60000,-1,0,-1,-1,-1"
"ENHSP-OPT-HMAX[-de 1 -dp 1 -dh 1],CoOpRobots-NODELTA,problem-3000.pddl,False,True,60000,-1,0,-1,-1,-1"
"ENHSP-SAT-AIBR[-de 1 -dp 1 -dh 1],CoOpRobots-DELTA,problem-500.pddl,False,True,60000,-1,0,-1,-1,-1"
"ENHSP-OPT-BLIND[-de 1 -dp 3 -dh 3],CoOpRobots-NODELTA,problem-3000.pddl,False,True,60000,-1,0,-1,-1,-1"
"ENHSP-SAT-AIBR[-de 1 -dp 3 -dh 3],CoOpRobots-NODELTA,problem-20000.pddl,False,True,60000,-1,0,-1,-1,-1"
"ENHSP-SAT-AIBR[-de 1 -dp 3 -dh 3],CoOpRobots-NODELTA,problem-2000.pddl,False,True,60000,-1,0,-1,-1,-1"
"ENHSP-SAT-HRADD[-de 1 -dp 1 -dh 1],CoOpRobots-DELTA,problem-3000.pddl,False,True,60000,-1,0,-1,-1,-1"
"ENHSP-OPT-HADD[-de 1 -dp 3 -dh 3],CoOpRobots-NODELTA,problem-10000.pddl,False,True,60000,-1,0,-1,-1,-1"
"ENHSP-SAT-AIBR[-de 1 -dp 1 -dh 1],CoOpRobots-NODELTA,problem-10.pddl,True,False,1780.0,-1,66,-1,-1,-1"
"ENHSP-OPT-BLIND[-de 1 -dp 3 -dh 3],CoOpRobots-NODELTA,problem-20000.pddl,False,True,60000,-1,0,-1,-1,-1"
"ENHSP-SAT-HADD[-de 1 -dp 1 -dh 1],CoOpRobots-NODELTA,problem-100.pddl,False,True,60000,-1,0,-1,-1,-1"
"ENHSP-OPT-HMRP[-de 1 -dp 1 -dh 1],CoOpRobots-DELTA,problem-500.pddl,False,True,60000,-1,0,-1,-1,-1"
"ENHSP-SAT-BLIND[-de 1 -dp 1 -dh 1],CoOpRobots-DELTA,problem-4000.pddl,False,True,60000,-1,0,-1,-1,-1"
"ENHSP-OPT-HRADD[-de 1 -dp 3 -dh 3],CoOpRobots-NODELTA,problem-100.pddl,True,False,3900.0,-1,120,-1,-1,-1"
"ENHSP-OPT-HMAX[-de 1 -dp 1 -dh 1],CoOpRobots-DELTA,problem-2000.pddl,False,True,60000,-1,0,-1,-1,-1"
"ENHSP-OPT-HRADD[-de 1 -dp 1 -dh 1],CoOpRobots-DELTA,problem-10000.pddl,False,True,60000,-1,0,-1,-1,-1"
"ENHSP-OPT-HRADD[-de 1 -dp 1 -dh 1],CoOpRobots-NODELTA,problem-3000.pddl,False,True,60000,-1,0,-1,-1,-1"
"ENHSP-OPT-HRADD[-de 1 -dp 3 -dh 3],CoOpRobots-NODELTA,problem-500.pddl,False,True,60000,-1,0,-1,-1,-1"
"ENHSP-OPT-BLIND[-de 1 -dp 1 -dh 1],CoOpRobots-DELTA,problem-500.pddl,False,True,60000,-1,0,-1,-1,-1"
"ENHSP-SAT-HMAX[-de 1 -dp 1 -dh 1],CoOpRobots-DELTA,problem-200.pddl,False,True,60000,-1,0,-1,-1,-1"
"ENHSP-OPT-BLIND[-de 1 -dp 1 -dh 1],CoOpRobots-NODELTA,problem-500.pddl,False,True,60000,-1,0,-1,-1,-1"
"ENHSP-OPT-BLIND[-de 1 -dp 1 -dh 1],CoOpRobots-DELTA,problem-1.pddl,True,False,3380.0,-1,18,-1,-1,-1"
"ENHSP-SAT-HMAX[-de 1 -dp 1 -dh 1],CoOpRobots-DELTA,problem-500.pddl,False,True,60000,-1,0,-1,-1,-1"
"ENHSP-OPT-HADD[-de 1 -dp 1 -dh 1],CoOpRobots-DELTA,problem-3000.pddl,False,True,60000,-1,0,-1,-1,-1"
"ENHSP-SAT-AIBR[-de 1 -dp 3 -dh 3],CoOpRobots-NODELTA,problem-1000.pddl,False,True,60000,-1,0,-1,-1,-1"
"ENHSP-SAT-HRADD[-de 1 -dp 1 -dh 1],CoOpRobots-DELTA,problem-10000.pddl,False,True,60000,-1,0,-1,-1,-1"
"ENHSP-SAT-AIBR[-de 1 -dp 1 -dh 1],CoOpRobots-DELTA,problem-10000.pddl,False,True,60000,-1,0,-1,-1,-1"
"ENHSP-SAT-HRADD[-de 1 -dp 3 -dh 3],CoOpRobots-NODELTA,problem-3000.pddl,True,False,48050.0,-1,104,-1,-1,-1"
"ENHSP-OPT-AIBR[-de 1 -dp 1 -dh 1],CoOpRobots-NODELTA,problem-3000.pddl,False,True,60000,-1,0,-1,-1,-1"
"ENHSP-OPT-HRADD[-de 1 -dp 3 -dh 3],CoOpRobots-NODELTA,problem-10000.pddl,False,True,60000,-1,0,-1,-1,-1"
"ENHSP-SAT-HRADD[-de 1 -dp 3 -dh 3],CoOpRobots-NODELTA,problem-20000.pddl,False,True,60000,-1,0,-1,-1,-1"
"ENHSP-SAT-HMRP[-de 1 -dp 3 -dh 3],CoOpRobots-NODELTA,problem-4000.pddl,False,True,60000,-1,0,-1,-1,-1"
"ENHSP-SAT-HMRP[-de 1 -dp 1 -dh 1],CoOpRobots-NODELTA,problem-10.pddl,True,False,2600.0,-1,98,-1,-1,-1"
"ENHSP-SAT-HRADD[-de 1 -dp 1 -dh 1],CoOpRobots-DELTA,problem-1000.pddl,False,True,60000,-1,0,-1,-1,-1"
"ENHSP-SAT-HMRP[-de 1 -dp 1 -dh 1],CoOpRobots-NODELTA,problem-10000.pddl,False,True,60000,-1,0,-1,-1,-1"
"ENHSP-SAT-HADD[-de 1 -dp 1 -dh 1],CoOpRobots-DELTA,problem-1.pddl,False,True,60000,-1,0,-1,-1,-1"
"ENHSP-SAT-HRADD[-de 1 -dp 1 -dh 1],CoOpRobots-DELTA,problem-20000.pddl,False,True,60000,-1,0,-1,-1,-1"
"ENHSP-SAT-HMRP[-de 1 -dp 3 -dh 3],CoOpRobots-NODELTA,problem-3000.pddl,True,False,55540.0,-1,138,-1,-1,-1"
"ENHSP-OPT-HMAX[-de 1 -dp 1 -dh 1],CoOpRobots-DELTA,problem-1.pddl,True,False,3310.0,-1,18,-1,-1,-1"
"ENHSP-OPT-HADD[-de 1 -dp 1 -dh 1],CoOpRobots-NODELTA,problem-4000.pddl,False,True,60000,-1,0,-1,-1,-1"
"ENHSP-SAT-BLIND[-de 1 -dp 3 -dh 3],CoOpRobots-NODELTA,problem-5000.pddl,True,False,3470.0,-1,190,-1,-1,-1"
"ENHSP-SAT-HRADD[-de 1 -dp 1 -dh 1],CoOpRobots-NODELTA,problem-4000.pddl,False,True,60000,-1,0,-1,-1,-1"
"ENHSP-SAT-HRADD[-de 1 -dp 1 -dh 1],CoOpRobots-DELTA,problem-1.pddl,False,True,60000,-1,0,-1,-1,-1"
"ENHSP-OPT-BLIND[-de 1 -dp 3 -dh 3],CoOpRobots-NODELTA,problem-2000.pddl,False,True,60000,-1,0,-1,-1,-1"
"ENHSP-OPT-HMAX[-de 1 -dp 1 -dh 1],CoOpRobots-NODELTA,problem-10000.pddl,False,True,60000,-1,0,-1,-1,-1"
"ENHSP-SAT-HMAX[-de 1 -dp 1 -dh 1],CoOpRobots-DELTA,problem-4000.pddl,False,True,60000,-1,0,-1,-1,-1"
"ENHSP-OPT-HMAX[-de 1 -dp 3 -dh 3],CoOpRobots-NODELTA,problem-10000.pddl,False,True,60000,-1,0,-1,-1,-1"
"ENHSP-SAT-HRADD[-de 1 -dp 3 -dh 3],CoOpRobots-NODELTA,problem-200.pddl,False,True,60000,-1,0,-1,-1,-1"
"ENHSP-SAT-AIBR[-de 1 -dp 1 -dh 1],CoOpRobots-NODELTA,problem-200.pddl,True,False,32630.000000000004,-1,346,-1,-1,-1"
"ENHSP-SAT-HMRP[-de 1 -dp 3 -dh 3],CoOpRobots-NODELTA,problem-10000.pddl,False,True,60000,-1,0,-1,-1,-1"
"ENHSP-OPT-HMAX[-de 1 -dp 3 -dh 3],CoOpRobots-NODELTA,problem-10.pddl,True,False,14410.0,-1,18,-1,-1,-1"
"ENHSP-OPT-AIBR[-de 1 -dp 3 -dh 3],CoOpRobots-NODELTA,problem-20000.pddl,False,True,60000,-1,0,-1,-1,-1"
"ENHSP-OPT-HADD[-de 1 -dp 1 -dh 1],CoOpRobots-DELTA,problem-2000.pddl,False,True,60000,-1,0,-1,-1,-1"
"ENHSP-SAT-HMAX[-de 1 -dp 3 -dh 3],CoOpRobots-NODELTA,problem-10000.pddl,False,True,60000,-1,0,-1,-1,-1"
"ENHSP-OPT-BLIND[-de 1 -dp 1 -dh 1],CoOpRobots-NODELTA,problem-2000.pddl,False,True,60000,-1,0,-1,-1,-1"
"ENHSP-SAT-HMRP[-de 1 -dp 1 -dh 1],CoOpRobots-DELTA,problem-1000.pddl,False,True,60000,-1,0,-1,-1,-1"
"ENHSP-OPT-HMRP[-de 1 -dp 1 -dh 1],CoOpRobots-NODELTA,problem-10.pddl,True,False,16640.0,-1,18,-1,-1,-1"
"ENHSP-OPT-HMRP[-de 1 -dp 1 -dh 1],CoOpRobots-NODELTA,problem-100.pddl,False,True,60000,-1,0,-1,-1,-1"
"ENHSP-OPT-HADD[-de 1 -dp 1 -dh 1],CoOpRobots-NODELTA,problem-20000.pddl,False,True,60000,-1,0,-1,-1,-1"
"ENHSP-SAT-HMAX[-de 1 -dp 1 -dh 1],CoOpRobots-NODELTA,problem-20000.pddl,False,True,60000,-1,0,-1,-1,-1"
"ENHSP-OPT-HADD[-de 1 -dp 3 -dh 3],CoOpRobots-NODELTA,problem-1.pddl,True,False,1320.0,-1,18,-1,-1,-1"
"ENHSP-SAT-BLIND[-de 1 -dp 1 -dh 1],CoOpRobots-NODELTA,problem-5000.pddl,False,True,60000,-1,0,-1,-1,-1"
"ENHSP-SAT-AIBR[-de 1 -dp 1 -dh 1],CoOpRobots-NODELTA,problem-1.pddl,True,False,2050.0,-1,42,-1,-1,-1"
"ENHSP-OPT-HMRP[-de 1 -dp 3 -dh 3],CoOpRobots-NODELTA,problem-4000.pddl,False,True,60000,-1,0,-1,-1,-1"
"ENHSP-SAT-HRADD[-de 1 -dp 3 -dh 3],CoOpRobots-NODELTA,problem-500.pddl,True,False,10050.0,-1,120,-1,-1,-1"
"ENHSP-SAT-HADD[-de 1 -dp 1 -dh 1],CoOpRobots-NODELTA,problem-1.pddl,True,False,1160.0,-1,42,-1,-1,-1"
"ENHSP-OPT-BLIND[-de 1 -dp 1 -dh 1],CoOpRobots-NODELTA,problem-1000.pddl,False,True,60000,-1,0,-1,-1,-1"
"ENHSP-SAT-AIBR[-de 1 -dp 1 -dh 1],CoOpRobots-DELTA,problem-2000.pddl,False,True,60000,-1,0,-1,-1,-1"
"ENHSP-SAT-HMRP[-de 1 -dp 1 -dh 1],CoOpRobots-NODELTA,problem-20000.pddl,False,True,60000,-1,0,-1,-1,-1"
"ENHSP-SAT-HMRP[-de 1 -dp 1 -dh 1],CoOpRobots-DELTA,problem-4000.pddl,False,True,60000,-1,0,-1,-1,-1"
"ENHSP-SAT-HMRP[-de 1 -dp 1 -dh 1],CoOpRobots-NODELTA,problem-1.pddl,True,False,2100.0,-1,36,-1,-1,-1"
"ENHSP-SAT-BLIND[-de 1 -dp 1 -dh 1],CoOpRobots-NODELTA,problem-1000.pddl,False,True,60000,-1,0,-1,-1,-1"
"ENHSP-OPT-HRADD[-de 1 -dp 1 -dh 1],CoOpRobots-NODELTA,problem-1.pddl,True,False,4150.0,-1,18,-1,-1,-1"
"ENHSP-OPT-HMRP[-de 1 -dp 1 -dh 1],CoOpRobots-DELTA,problem-1.pddl,True,False,6020.0,-1,18,-1,-1,-1"
"ENHSP-SAT-HADD[-de 1 -dp 3 -dh 3],CoOpRobots-NODELTA,problem-5000.pddl,False,True,60000,-1,0,-1,-1,-1"
"ENHSP-OPT-HMRP[-de 1 -dp 1 -dh 1],CoOpRobots-NODELTA,problem-200.pddl,False,True,60000,-1,0,-1,-1,-1"
"ENHSP-SAT-HADD[-de 1 -dp 1 -dh 1],CoOpRobots-NODELTA,problem-10.pddl,True,False,13520.0,-1,260,-1,-1,-1"
"ENHSP-SAT-HADD[-de 1 -dp 1 -dh 1],CoOpRobots-DELTA,problem-20000.pddl,False,True,60000,-1,0,-1,-1,-1"
"ENHSP-SAT-BLIND[-de 1 -dp 1 -dh 1],CoOpRobots-NODELTA,problem-10000.pddl,False,True,60000,-1,0,-1,-1,-1"
"ENHSP-OPT-BLIND[-de 1 -dp 1 -dh 1],CoOpRobots-NODELTA,problem-5000.pddl,False,True,60000,-1,0,-1,-1,-1"
"ENHSP-SAT-HADD[-de 1 -dp 3 -dh 3],CoOpRobots-NODELTA,problem-200.pddl,True,False,5320.0,-1,134,-1,-1,-1"
"ENHSP-OPT-HADD[-de 1 -dp 1 -dh 1],CoOpRobots-DELTA,problem-200.pddl,True,False,6420.0,-1,18,-1,-1,-1"
"ENHSP-SAT-BLIND[-de 1 -dp 3 -dh 3],CoOpRobots-NODELTA,problem-500.pddl,False,True,60000,-1,0,-1,-1,-1"
"ENHSP-OPT-AIBR[-de 1 -dp 1 -dh 1],CoOpRobots-DELTA,problem-1000.pddl,False,True,60000,-1,0,-1,-1,-1"
"ENHSP-OPT-HADD[-de 1 -dp 1 -dh 1],CoOpRobots-NODELTA,problem-500.pddl,False,True,60000,-1,0,-1,-1,-1"
"ENHSP-OPT-AIBR[-de 1 -dp 1 -dh 1],CoOpRobots-NODELTA,problem-2000.pddl,False,True,60000,-1,0,-1,-1,-1"
"ENHSP-SAT-BLIND[-de 1 -dp 1 -dh 1],CoOpRobots-DELTA,problem-1000.pddl,False,True,60000,-1,0,-1,-1,-1"
"ENHSP-OPT-HMAX[-de 1 -dp 3 -dh 3],CoOpRobots-NODELTA,problem-100.pddl,False,True,60000,-1,0,-1,-1,-1"
"ENHSP-OPT-BLIND[-de 1 -dp 3 -dh 3],CoOpRobots-NODELTA,problem-200.pddl,False,True,60000,-1,0,-1,-1,-1"
"ENHSP-OPT-AIBR[-de 1 -dp 1 -dh 1],CoOpRobots-NODELTA,problem-1.pddl,True,False,3970.0,-1,22,-1,-1,-1"
"ENHSP-OPT-HRADD[-de 1 -dp 3 -dh 3],CoOpRobots-NODELTA,problem-200.pddl,True,False,6050.0,-1,120,-1,-1,-1"
"ENHSP-SAT-BLIND[-de 1 -dp 3 -dh 3],CoOpRobots-NODELTA,problem-200.pddl,True,False,1700.0,-1,510,-1,-1,-1"
"ENHSP-SAT-HMRP[-de 1 -dp 3 -dh 3],CoOpRobots-NODELTA,problem-5000.pddl,False,True,60000,-1,0,-1,-1,-1"
"ENHSP-OPT-AIBR[-de 1 -dp 1 -dh 1],CoOpRobots-DELTA,problem-5000.pddl,False,True,60000,-1,0,-1,-1,-1"
"ENHSP-OPT-HMAX[-de 1 -dp 3 -dh 3],CoOpRobots-NODELTA,problem-1000.pddl,False,True,60000,-1,0,-1,-1,-1"
"ENHSP-SAT-HRADD[-de 1 -dp 1 -dh 1],CoOpRobots-NODELTA,problem-3000.pddl,False,True,60000,-1,0,-1,-1,-1"
"ENHSP-OPT-BLIND[-de 1 -dp 1 -dh 1],CoOpRobots-DELTA,problem-100.pddl,True,False,12350.0,-1,18,-1,-1,-1"
"ENHSP-SAT-HMRP[-de 1 -dp 1 -dh 1],CoOpRobots-DELTA,problem-200.pddl,False,True,60000,-1,0,-1,-1,-1"
"ENHSP-SAT-HMAX[-de 1 -dp 1 -dh 1],CoOpRobots-NODELTA,problem-500.pddl,False,True,60000,-1,0,-1,-1,-1"
"ENHSP-OPT-BLIND[-de 1 -dp 1 -dh 1],CoOpRobots-NODELTA,problem-4000.pddl,False,True,60000,-1,0,-1,-1,-1"
"ENHSP-OPT-HADD[-de 1 -dp 3 -dh 3],CoOpRobots-NODELTA,problem-2000.pddl,False,True,60000,-1,0,-1,-1,-1"
"ENHSP-SAT-HMAX[-de 1 -dp 1 -dh 1],CoOpRobots-DELTA,problem-2000.pddl,False,True,60000,-1,0,-1,-1,-1"
"ENHSP-SAT-BLIND[-de 1 -dp 3 -dh 3],CoOpRobots-NODELTA,problem-20000.pddl,True,False,6660.0,-1,190,-1,-1,-1"
"ENHSP-OPT-HMRP[-de 1 -dp 1 -dh 1],CoOpRobots-DELTA,problem-10.pddl,True,False,6660.0,-1,18,-1,-1,-1"
"ENHSP-SAT-HMAX[-de 1 -dp 1 -dh 1],CoOpRobots-DELTA,problem-3000.pddl,False,True,60000,-1,0,-1,-1,-1"
"ENHSP-SAT-HMAX[-de 1 -dp 1 -dh 1],CoOpRobots-NODELTA,problem-3000.pddl,False,True,60000,-1,0,-1,-1,-1"
"ENHSP-OPT-HMAX[-de 1 -dp 1 -dh 1],CoOpRobots-NODELTA,problem-2000.pddl,False,True,60000,-1,0,-1,-1,-1"
"ENHSP-SAT-HMAX[-de 1 -dp 1 -dh 1],CoOpRobots-NODELTA,problem-5000.pddl,False,True,60000,-1,0,-1,-1,-1"
"ENHSP-SAT-AIBR[-de 1 -dp 3 -dh 3],CoOpRobots-NODELTA,problem-1.pddl,True,False,1880.0,-1,42,-1,-1,-1"
"ENHSP-SAT-HMRP[-de 1 -dp 1 -dh 1],CoOpRobots-DELTA,problem-10.pddl,False,True,60000,-1,0,-1,-1,-1"
"ENHSP-OPT-HMRP[-de 1 -dp 1 -dh 1],CoOpRobots-DELTA,problem-5000.pddl,False,True,60000,-1,0,-1,-1,-1"
"ENHSP-SAT-BLIND[-de 1 -dp 3 -dh 3],CoOpRobots-NODELTA,problem-4000.pddl,False,True,60000,-1,0,-1,-1,-1"
"ENHSP-OPT-HADD[-de 1 -dp 1 -dh 1],CoOpRobots-DELTA,problem-10.pddl,True,False,2990.0,-1,18,-1,-1,-1"
"ENHSP-SAT-AIBR[-de 1 -dp 1 -dh 1],CoOpRobots-DELTA,problem-3000.pddl,False,True,60000,-1,0,-1,-1,-1"
"ENHSP-SAT-AIBR[-de 1 -dp 1 -dh 1],CoOpRobots-DELTA,problem-1.pddl,False,True,60000,-1,0,-1,-1,-1"
"ENHSP-SAT-HRADD[-de 1 -dp 3 -dh 3],CoOpRobots-NODELTA,problem-4000.pddl,True,False,51770.0,-1,138,-1,-1,-1"
"ENHSP-OPT-HMAX[-de 1 -dp 3 -dh 3],CoOpRobots-NODELTA,problem-20000.pddl,False,True,60000,-1,0,-1,-1,-1"
"ENHSP-OPT-AIBR[-de 1 -dp 1 -dh 1],CoOpRobots-DELTA,problem-500.pddl,False,True,60000,-1,0,-1,-1,-1"
"ENHSP-SAT-AIBR[-de 1 -dp 1 -dh 1],CoOpRobots-NODELTA,problem-20000.pddl,False,True,60000,-1,0,-1,-1,-1"
"ENHSP-OPT-HMAX[-de 1 -dp 3 -dh 3],CoOpRobots-NODELTA,problem-3000.pddl,False,True,60000,-1,0,-1,-1,-1"
"ENHSP-OPT-AIBR[-de 1 -dp 1 -dh 1],CoOpRobots-NODELTA,problem-4000.pddl,False,True,60000,-1,0,-1,-1,-1"
"ENHSP-SAT-HMRP[-de 1 -dp 3 -dh 3],CoOpRobots-NODELTA,problem-500.pddl,True,False,11820.0,-1,144,-1,-1,-1"
"ENHSP-OPT-HMAX[-de 1 -dp 1 -dh 1],CoOpRobots-DELTA,problem-20000.pddl,False,True,60000,-1,0,-1,-1,-1"
"ENHSP-OPT-HMRP[-de 1 -dp 1 -dh 1],CoOpRobots-NODELTA,problem-3000.pddl,False,True,60000,-1,0,-1,-1,-1"
"ENHSP-OPT-HMAX[-de 1 -dp 1 -dh 1],CoOpRobots-NODELTA,problem-4000.pddl,False,True,60000,-1,0,-1,-1,-1"
"ENHSP-SAT-HADD[-de 1 -dp 1 -dh 1],CoOpRobots-DELTA,problem-500.pddl,False,True,60000,-1,0,-1,-1,-1"
"ENHSP-OPT-HMRP[-de 1 -dp 3 -dh 3],CoOpRobots-NODELTA,problem-20000.pddl,False,True,60000,-1,0,-1,-1,-1"
"ENHSP-OPT-HMAX[-de 1 -dp 3 -dh 3],CoOpRobots-NODELTA,problem-4000.pddl,False,True,60000,-1,0,-1,-1,-1"
"ENHSP-SAT-HMRP[-de 1 -dp 1 -dh 1],CoOpRobots-DELTA,problem-2000.pddl,False,True,60000,-1,0,-1,-1,-1"
"ENHSP-SAT-HRADD[-de 1 -dp 3 -dh 3],CoOpRobots-NODELTA,problem-5000.pddl,False,True,60000,-1,0,-1,-1,-1"
"ENHSP-SAT-AIBR[-de 1 -dp 1 -dh 1],CoOpRobots-DELTA,problem-4000.pddl,False,True,60000,-1,0,-1,-1,-1"
"ENHSP-SAT-HADD[-de 1 -dp 1 -dh 1],CoOpRobots-NODELTA,problem-1000.pddl,True,False,15830.0,-1,174,-1,-1,-1"
"ENHSP-SAT-HRADD[-de 1 -dp 1 -dh 1],CoOpRobots-NODELTA,problem-1.pddl,True,False,1140.0,-1,42,-1,-1,-1"
"ENHSP-SAT-HMAX[-de 1 -dp 1 -dh 1],CoOpRobots-NODELTA,problem-2000.pddl,False,True,60000,-1,0,-1,-1,-1"
"ENHSP-OPT-BLIND[-de 1 -dp 1 -dh 1],CoOpRobots-NODELTA,problem-3000.pddl,False,True,60000,-1,0,-1,-1,-1"
"ENHSP-SAT-HRADD[-de 1 -dp 1 -dh 1],CoOpRobots-DELTA,problem-5000.pddl,False,True,60000,-1,0,-1,-1,-1"
"ENHSP-OPT-HMAX[-de 1 -dp 1 -dh 1],CoOpRobots-NODELTA,problem-1000.pddl,False,True,60000,-1,0,-1,-1,-1"
"ENHSP-OPT-HRADD[-de 1 -dp 1 -dh 1],CoOpRobots-DELTA,problem-10.pddl,True,False,3060.0,-1,18,-1,-1,-1"
"ENHSP-OPT-HRADD[-de 1 -dp 1 -dh 1],CoOpRobots-DELTA,problem-500.pddl,True,False,42450.0,-1,18,-1,-1,-1"
"ENHSP-SAT-AIBR[-de 1 -dp 1 -dh 1],CoOpRobots-DELTA,problem-200.pddl,False,True,60000,-1,0,-1,-1,-1"
"ENHSP-SAT-HMRP[-de 1 -dp 3 -dh 3],CoOpRobots-NODELTA,problem-1.pddl,True,False,1100.0,-1,18,-1,-1,-1"
"ENHSP-OPT-HADD[-de 1 -dp 1 -dh 1],CoOpRobots-DELTA,problem-4000.pddl,False,True,60000,-1,0,-1,-1,-1"
"ENHSP-SAT-AIBR[-de 1 -dp 1 -dh 1],CoOpRobots-NODELTA,problem-10000.pddl,False,True,60000,-1,0,-1,-1,-1"
"ENHSP-OPT-HMRP[-de 1 -dp 3 -dh 3],CoOpRobots-NODELTA,problem-2000.pddl,False,True,60000,-1,0,-1,-1,-1"
"ENHSP-OPT-HMRP[-de 1 -dp 3 -dh 3],CoOpRobots-NODELTA,problem-100.pddl,False,True,60000,-1,0,-1,-1,-1"
"ENHSP-OPT-HRADD[-de 1 -dp 1 -dh 1],CoOpRobots-DELTA,problem-2000.pddl,False,True,60000,-1,0,-1,-1,-1"
"ENHSP-OPT-HMAX[-de 1 -dp 1 -dh 1],CoOpRobots-DELTA,problem-10.pddl,True,False,2980.0,-1,18,-1,-1,-1"
"ENHSP-OPT-BLIND[-de 1 -dp 1 -dh 1],CoOpRobots-DELTA,problem-1000.pddl,False,True,60000,-1,0,-1,-1,-1"
"ENHSP-SAT-HMAX[-de 1 -dp 3 -dh 3],CoOpRobots-NODELTA,problem-200.pddl,True,False,6330.0,-1,128,-1,-1,-1"
"ENHSP-OPT-HMRP[-de 1 -dp 1 -dh 1],CoOpRobots-DELTA,problem-4000.pddl,False,True,60000,-1,0,-1,-1,-1"
"ENHSP-SAT-HMAX[-de 1 -dp 3 -dh 3],CoOpRobots-NODELTA,problem-10.pddl,True,False,1910.0,-1,90,-1,-1,-1"
"ENHSP-SAT-AIBR[-de 1 -dp 3 -dh 3],CoOpRobots-NODELTA,problem-4000.pddl,False,True,60000,-1,0,-1,-1,-1"
"ENHSP-SAT-BLIND[-de 1 -dp 1 -dh 1],CoOpRobots-NODELTA,problem-500.pddl,False,True,60000,-1,0,-1,-1,-1"
"ENHSP-SAT-AIBR[-de 1 -dp 1 -dh 1],CoOpRobots-NODELTA,problem-1000.pddl,False,True,60000,-1,0,-1,-1,-1"
"ENHSP-OPT-HADD[-de 1 -dp 3 -dh 3],CoOpRobots-NODELTA,problem-5000.pddl,False,True,60000,-1,0,-1,-1,-1"
"ENHSP-OPT-BLIND[-de 1 -dp 3 -dh 3],CoOpRobots-NODELTA,problem-1000.pddl,False,True,60000,-1,0,-1,-1,-1"
"ENHSP-SAT-AIBR[-de 1 -dp 3 -dh 3],CoOpRobots-NODELTA,problem-5000.pddl,False,True,60000,-1,0,-1,-1,-1"
"ENHSP-SAT-HRADD[-de 1 -dp 3 -dh 3],CoOpRobots-NODELTA,problem-1.pddl,True,False,980.0,-1,18,-1,-1,-1"
"ENHSP-SAT-BLIND[-de 1 -dp 3 -dh 3],CoOpRobots-NODELTA,problem-1000.pddl,False,True,60000,-1,0,-1,-1,-1"
"ENHSP-OPT-HRADD[-de 1 -dp 1 -dh 1],CoOpRobots-DELTA,problem-1.pddl,True,False,3350.0,-1,18,-1,-1,-1"
"ENHSP-SAT-HRADD[-de 1 -dp 1 -dh 1],CoOpRobots-DELTA,problem-10.pddl,False,True,60000,-1,0,-1,-1,-1"
"ENHSP-SAT-HRADD[-de 1 -dp 1 -dh 1],CoOpRobots-NODELTA,problem-2000.pddl,False,True,60000,-1,0,-1,-1,-1"
"ENHSP-OPT-HADD[-de 1 -dp 1 -dh 1],CoOpRobots-NODELTA,problem-200.pddl,False,True,60000,-1,0,-1,-1,-1"
"ENHSP-OPT-BLIND[-de 1 -dp 3 -dh 3],CoOpRobots-NODELTA,problem-10000.pddl,False,True,60000,-1,0,-1,-1,-1"
"ENHSP-SAT-BLIND[-de 1 -dp 3 -dh 3],CoOpRobots-NODELTA,problem-10000.pddl,False,True,60000,-1,0,-1,-1,-1"
"ENHSP-OPT-HMAX[-de 1 -dp 1 -dh 1],CoOpRobots-DELTA,problem-1000.pddl,True,False,37600.0,-1,18,-1,-1,-1"
"ENHSP-SAT-HADD[-de 1 -dp 3 -dh 3],CoOpRobots-NODELTA,problem-2000.pddl,True,False,23490.0,-1,162,-1,-1,-1"
"ENHSP-OPT-HMRP[-de 1 -dp 1 -dh 1],CoOpRobots-NODELTA,problem-5000.pddl,False,True,60000,-1,0,-1,-1,-1"
"ENHSP-SAT-HMRP[-de 1 -dp 1 -dh 1],CoOpRobots-DELTA,problem-10000.pddl,False,True,60000,-1,0,-1,-1,-1"
"ENHSP-OPT-AIBR[-de 1 -dp 3 -dh 3],CoOpRobots-NODELTA,problem-1.pddl,True,False,1490.0,-1,18,-1,-1,-1"
"ENHSP-OPT-AIBR[-de 1 -dp 1 -dh 1],CoOpRobots-DELTA,problem-100.pddl,True,False,40730.0,-1,20,-1,-1,-1"
"ENHSP-OPT-HRADD[-de 1 -dp 1 -dh 1],CoOpRobots-DELTA,problem-5000.pddl,False,True,60000,-1,0,-1,-1,-1"
"ENHSP-SAT-HRADD[-de 1 -dp 3 -dh 3],CoOpRobots-NODELTA,problem-2000.pddl,True,False,30170.0,-1,120,-1,-1,-1"
"ENHSP-SAT-HMRP[-de 1 -dp 1 -dh 1],CoOpRobots-NODELTA,problem-5000.pddl,False,True,60000,-1,0,-1,-1,-1"
"ENHSP-OPT-BLIND[-de 1 -dp 1 -dh 1],CoOpRobots-DELTA,problem-5000.pddl,False,True,60000,-1,0,-1,-1,-1"
"ENHSP-SAT-HRADD[-de 1 -dp 1 -dh 1],CoOpRobots-NODELTA,problem-10.pddl,True,False,14580.0,-1,46,-1,-1,-1"
"ENHSP-SAT-HADD[-de 1 -dp 1 -dh 1],CoOpRobots-NODELTA,problem-5000.pddl,False,True,60000,-1,0,-1,-1,-1"
"ENHSP-SAT-AIBR[-de 1 -dp 1 -dh 1],CoOpRobots-NODELTA,problem-100.pddl,True,False,15230.0,-1,346,-1,-1,-1"
"ENHSP-SAT-HMAX[-de 1 -dp 3 -dh 3],CoOpRobots-NODELTA,problem-2000.pddl,True,False,27870.0,-1,172,-1,-1,-1"
"ENHSP-OPT-BLIND[-de 1 -dp 1 -dh 1],CoOpRobots-DELTA,problem-10000.pddl,False,True,60000,-1,0,-1,-1,-1"
"ENHSP-SAT-HRADD[-de 1 -dp 1 -dh 1],CoOpRobots-NODELTA,problem-500.pddl,False,True,60000,-1,0,-1,-1,-1"
"ENHSP-SAT-BLIND[-de 1 -dp 1 -dh 1],CoOpRobots-NODELTA,problem-100.pddl,False,True,60000,-1,0,-1,-1,-1"
"ENHSP-SAT-HADD[-de 1 -dp 3 -dh 3],CoOpRobots-NODELTA,problem-1000.pddl,True,False,15280.0,-1,174,-1,-1,-1"
"ENHSP-OPT-BLIND[-de 1 -dp 1 -dh 1],CoOpRobots-NODELTA,problem-10.pddl,True,False,10950.0,-1,18,-1,-1,-1"
"ENHSP-OPT-HRADD[-de 1 -dp 1 -dh 1],CoOpRobots-NODELTA,problem-10.pddl,True,False,15530.0,-1,18,-1,-1,-1"
"ENHSP-SAT-HADD[-de 1 -dp 3 -dh 3],CoOpRobots-NODELTA,problem-20000.pddl,False,True,60000,-1,0,-1,-1,-1"
"ENHSP-SAT-BLIND[-de 1 -dp 1 -dh 1],CoOpRobots-DELTA,problem-100.pddl,False,True,60000,-1,0,-1,-1,-1"
"ENHSP-SAT-HMRP[-de 1 -dp 3 -dh 3],CoOpRobots-NODELTA,problem-1000.pddl,True,False,18480.0,-1,170,-1,-1,-1"
"ENHSP-SAT-AIBR[-de 1 -dp 1 -dh 1],CoOpRobots-DELTA,problem-5000.pddl,False,True,60000,-1,0,-1,-1,-1"
"ENHSP-OPT-HADD[-de 1 -dp 3 -dh 3],CoOpRobots-NODELTA,problem-500.pddl,False,True,60000,-1,0,-1,-1,-1"
"ENHSP-OPT-HMRP[-de 1 -dp 3 -dh 3],CoOpRobots-NODELTA,problem-1.pddl,True,False,1490.0,-1,18,-1,-1,-1"
"ENHSP-SAT-HMAX[-de 1 -dp 1 -dh 1],CoOpRobots-DELTA,problem-20000.pddl,False,True,60000,-1,0,-1,-1,-1"
"ENHSP-SAT-HMRP[-de 1 -dp 1 -dh 1],CoOpRobots-DELTA,problem-500.pddl,False,True,60000,-1,0,-1,-1,-1"
"ENHSP-OPT-BLIND[-de 1 -dp 1 -dh 1],CoOpRobots-DELTA,problem-10.pddl,True,False,3750.0,-1,18,-1,-1,-1"
"ENHSP-SAT-HRADD[-de 1 -dp 1 -dh 1],CoOpRobots-DELTA,problem-500.pddl,False,True,60000,-1,0,-1,-1,-1"
"ENHSP-OPT-HADD[-de 1 -dp 1 -dh 1],CoOpRobots-DELTA,problem-20000.pddl,False,True,60000,-1,0,-1,-1,-1"
"ENHSP-SAT-HMAX[-de 1 -dp 3 -dh 3],CoOpRobots-NODELTA,problem-1.pddl,True,False,990.0,-1,18,-1,-1,-1"
"ENHSP-OPT-HADD[-de 1 -dp 3 -dh 3],CoOpRobots-NODELTA,problem-200.pddl,False,True,60000,-1,0,-1,-1,-1"
"ENHSP-OPT-AIBR[-de 1 -dp 3 -dh 3],CoOpRobots-NODELTA,problem-2000.pddl,False,True,60000,-1,0,-1,-1,-1"
"ENHSP-SAT-BLIND[-de 1 -dp 1 -dh 1],CoOpRobots-DELTA,problem-1.pddl,False,True,60000,-1,0,-1,-1,-1"
"ENHSP-OPT-BLIND[-de 1 -dp 1 -dh 1],CoOpRobots-NODELTA,problem-10000.pddl,False,True,60000,-1,0,-1,-1,-1"
"ENHSP-OPT-BLIND[-de 1 -dp 1 -dh 1],CoOpRobots-DELTA,problem-20000.pddl,False,True,60000,-1,0,-1,-1,-1"
"ENHSP-OPT-HMRP[-de 1 -dp 3 -dh 3],CoOpRobots-NODELTA,problem-200.pddl,False,True,60000,-1,0,-1,-1,-1"
"ENHSP-SAT-HMAX[-de 1 -dp 1 -dh 1],CoOpRobots-DELTA,problem-100.pddl,False,True,60000,-1,0,-1,-1,-1"
"ENHSP-OPT-HMAX[-de 1 -dp 3 -dh 3],CoOpRobots-NODELTA,problem-2000.pddl,False,True,60000,-1,0,-1,-1,-1"
"ENHSP-OPT-HRADD[-de 1 -dp 1 -dh 1],CoOpRobots-DELTA,problem-4000.pddl,False,True,60000,-1,0,-1,-1,-1"
"ENHSP-OPT-HMAX[-de 1 -dp 3 -dh 3],CoOpRobots-NODELTA,problem-500.pddl,False,True,60000,-1,0,-1,-1,-1"
"ENHSP-OPT-AIBR[-de 1 -dp 1 -dh 1],CoOpRobots-NODELTA,problem-200.pddl,False,True,60000,-1,0,-1,-1,-1"
"ENHSP-SAT-HMAX[-de 1 -dp 3 -dh 3],CoOpRobots-NODELTA,problem-4000.pddl,True,False,57840.0,-1,172,-1,-1,-1"
"ENHSP-SAT-BLIND[-de 1 -dp 1 -dh 1],CoOpRobots-DELTA,problem-5000.pddl,False,True,60000,-1,0,-1,-1,-1"
"ENHSP-SAT-HMRP[-de 1 -dp 1 -dh 1],CoOpRobots-NODELTA,problem-200.pddl,False,True,60000,-1,0,-1,-1,-1"
"ENHSP-OPT-HMAX[-de 1 -dp 1 -dh 1],CoOpRobots-NODELTA,problem-1.pddl,True,False,4300.0,-1,18,-1,-1,-1"
"ENHSP-SAT-HADD[-de 1 -dp 1 -dh 1],CoOpRobots-NODELTA,problem-2000.pddl,False,True,60000,-1,0,-1,-1,-1"
"ENHSP-SAT-HRADD[-de 1 -dp 1 -dh 1],CoOpRobots-DELTA,problem-200.pddl,False,True,60000,-1,0,-1,-1,-1"
"ENHSP-OPT-HMRP[-de 1 -dp 1 -dh 1],CoOpRobots-DELTA,problem-20000.pddl,False,True,60000,-1,0,-1,-1,-1"
"ENHSP-OPT-HADD[-de 1 -dp 3 -dh 3],CoOpRobots-NODELTA,problem-4000.pddl,False,True,60000,-1,0,-1,-1,-1"
"ENHSP-OPT-HADD[-de 1 -dp 1 -dh 1],CoOpRobots-DELTA,problem-10000.pddl,False,True,60000,-1,0,-1,-1,-1"
"ENHSP-OPT-BLIND[-de 1 -dp 3 -dh 3],CoOpRobots-NODELTA,problem-1.pddl,True,False,1110.0,-1,18,-1,-1,-1"
"ENHSP-OPT-HADD[-de 1 -dp 3 -dh 3],CoOpRobots-NODELTA,problem-20000.pddl,False,True,60000,-1,0,-1,-1,-1"
"ENHSP-SAT-HADD[-de 1 -dp 1 -dh 1],CoOpRobots-DELTA,problem-100.pddl,False,True,60000,-1,0,-1,-1,-1"
"ENHSP-OPT-HMRP[-de 1 -dp 1 -dh 1],CoOpRobots-NODELTA,problem-4000.pddl,False,True,60000,-1,0,-1,-1,-1"
"ENHSP-OPT-HRADD[-de 1 -dp 1 -dh 1],CoOpRobots-NODELTA,problem-500.pddl,False,True,60000,-1,0,-1,-1,-1"
"ENHSP-SAT-AIBR[-de 1 -dp 1 -dh 1],CoOpRobots-DELTA,problem-1000.pddl,False,True,60000,-1,0,-1,-1,-1"
"ENHSP-SAT-HADD[-de 1 -dp 1 -dh 1],CoOpRobots-NODELTA,problem-3000.pddl,False,True,60000,-1,0,-1,-1,-1"
"ENHSP-OPT-HADD[-de 1 -dp 1 -dh 1],CoOpRobots-NODELTA,problem-1000.pddl,False,True,60000,-1,0,-1,-1,-1"
"ENHSP-SAT-HMAX[-de 1 -dp 1 -dh 1],CoOpRobots-DELTA,problem-1000.pddl,False,True,60000,-1,0,-1,-1,-1"
"ENHSP-SAT-HMAX[-de 1 -dp 1 -dh 1],CoOpRobots-DELTA,problem-10000.pddl,False,True,60000,-1,0,-1,-1,-1"
"ENHSP-SAT-HADD[-de 1 -dp 3 -dh 3],CoOpRobots-NODELTA,problem-10000.pddl,False,True,60000,-1,0,-1,-1,-1"
"ENHSP-OPT-HADD[-de 1 -dp 1 -dh 1],CoOpRobots-NODELTA,problem-2000.pddl,False,True,60000,-1,0,-1,-1,-1"
"ENHSP-SAT-HMRP[-de 1 -dp 1 -dh 1],CoOpRobots-DELTA,problem-1.pddl,False,True,60000,-1,0,-1,-1,-1"
"ENHSP-OPT-AIBR[-de 1 -dp 1 -dh 1],CoOpRobots-DELTA,problem-4000.pddl,False,True,60000,-1,0,-1,-1,-1"
"ENHSP-OPT-AIBR[-de 1 -dp 3 -dh 3],CoOpRobots-NODELTA,problem-3000.pddl,False,True,60000,-1,0,-1,-1,-1"
"ENHSP-OPT-AIBR[-de 1 -dp 3 -dh 3],CoOpRobots-NODELTA,problem-100.pddl,True,False,4570.0,-1,120,-1,-1,-1"
"ENHSP-OPT-BLIND[-de 1 -dp 3 -dh 3],CoOpRobots-NODELTA,problem-100.pddl,False,True,60000,-1,0,-1,-1,-1"
"ENHSP-SAT-BLIND[-de 1 -dp 1 -dh 1],CoOpRobots-NODELTA,problem-3000.pddl,False,True,60000,-1,0,-1,-1,-1"
"ENHSP-OPT-HMRP[-de 1 -dp 1 -dh 1],CoOpRobots-NODELTA,problem-10000.pddl,False,True,60000,-1,0,-1,-1,-1"
"ENHSP-SAT-HMRP[-de 1 -dp 3 -dh 3],CoOpRobots-NODELTA,problem-10.pddl,True,False,2210.0,-1,98,-1,-1,-1"
"ENHSP-OPT-HMAX[-de 1 -dp 1 -dh 1],CoOpRobots-DELTA,problem-100.pddl,True,False,4730.0,-1,18,-1,-1,-1"
"ENHSP-OPT-HRADD[-de 1 -dp 3 -dh 3],CoOpRobots-NODELTA,problem-20000.pddl,False,True,60000,-1,0,-1,-1,-1"
"ENHSP-OPT-AIBR[-de 1 -dp 1 -dh 1],CoOpRobots-DELTA,problem-200.pddl,False,True,60000,-1,0,-1,-1,-1"
"ENHSP-SAT-HMAX[-de 1 -dp 1 -dh 1],CoOpRobots-DELTA,problem-5000.pddl,False,True,60000,-1,0,-1,-1,-1"
"ENHSP-OPT-BLIND[-de 1 -dp 1 -dh 1],CoOpRobots-NODELTA,problem-200.pddl,False,True,60000,-1,0,-1,-1,-1"
"ENHSP-SAT-HADD[-de 1 -dp 1 -dh 1],CoOpRobots-NODELTA,problem-20000.pddl,False,True,60000,-1,0,-1,-1,-1"
"ENHSP-SAT-AIBR[-de 1 -dp 3 -dh 3],CoOpRobots-NODELTA,problem-200.pddl,True,False,6930.0,-1,120,-1,-1,-1"
"ENHSP-OPT-HMRP[-de 1 -dp 3 -dh 3],CoOpRobots-NODELTA,problem-3000.pddl,False,True,60000,-1,0,-1,-1,-1"
"ENHSP-OPT-AIBR[-de 1 -dp 3 -dh 3],CoOpRobots-NODELTA,problem-10000.pddl,False,True,60000,-1,0,-1,-1,-1"
"ENHSP-SAT-HMAX[-de 1 -dp 1 -dh 1],CoOpRobots-NODELTA,problem-10000.pddl,False,True,60000,-1,0,-1,-1,-1"
"ENHSP-OPT-HMRP[-de 1 -dp 1 -dh 1],CoOpRobots-DELTA,problem-3000.pddl,False,True,60000,-1,0,-1,-1,-1"
"ENHSP-OPT-HADD[-de 1 -dp 1 -dh 1],CoOpRobots-NODELTA,problem-100.pddl,False,True,60000,-1,0,-1,-1,-1"
"ENHSP-SAT-AIBR[-de 1 -dp 1 -dh 1],CoOpRobots-NODELTA,problem-500.pddl,False,True,60000,-1,0,-1,-1,-1"
"ENHSP-OPT-HMAX[-de 1 -dp 1 -dh 1],CoOpRobots-DELTA,problem-4000.pddl,False,True,60000,-1,0,-1,-1,-1"
"ENHSP-OPT-HADD[-de 1 -dp 1 -dh 1],CoOpRobots-DELTA,problem-1000.pddl,True,False,43800.0,-1,18,-1,-1,-1"
"ENHSP-OPT-HRADD[-de 1 -dp 1 -dh 1],CoOpRobots-NODELTA,problem-20000.pddl,False,True,60000,-1,0,-1,-1,-1"
"ENHSP-SAT-AIBR[-de 1 -dp 1 -dh 1],CoOpRobots-NODELTA,problem-5000.pddl,False,True,60000,-1,0,-1,-1,-1"
"ENHSP-OPT-BLIND[-de 1 -dp 3 -dh 3],CoOpRobots-NODELTA,problem-10.pddl,True,False,2150.0,-1,18,-1,-1,-1"
"ENHSP-SAT-BLIND[-de 1 -dp 1 -dh 1],CoOpRobots-DELTA,problem-2000.pddl,False,True,60000,-1,0,-1,-1,-1"
"ENHSP-OPT-BLIND[-de 1 -dp 3 -dh 3],CoOpRobots-NODELTA,problem-4000.pddl,False,True,60000,-1,0,-1,-1,-1"
"ENHSP-OPT-HMRP[-de 1 -dp 1 -dh 1],CoOpRobots-DELTA,problem-10000.pddl,False,True,60000,-1,0,-1,-1,-1"
"ENHSP-SAT-AIBR[-de 1 -dp 1 -dh 1],CoOpRobots-DELTA,problem-20000.pddl,False,True,60000,-1,0,-1,-1,-1"
"ENHSP-OPT-AIBR[-de 1 -dp 1 -dh 1],CoOpRobots-DELTA,problem-10000.pddl,False,True,60000,-1,0,-1,-1,-1"
"ENHSP-SAT-HADD[-de 1 -dp 1 -dh 1],CoOpRobots-DELTA,problem-1000.pddl,False,True,60000,-1,0,-1,-1,-1"
"ENHSP-OPT-HADD[-de 1 -dp 1 -dh 1],CoOpRobots-DELTA,problem-5000.pddl,False,True,60000,-1,0,-1,-1,-1"
"ENHSP-OPT-HRADD[-de 1 -dp 3 -dh 3],CoOpRobots-NODELTA,problem-3000.pddl,True,False,46170.0,-1,104,-1,-1,-1"
"ENHSP-OPT-HADD[-de 1 -dp 3 -dh 3],CoOpRobots-NODELTA,problem-100.pddl,False,True,60000,-1,0,-1,-1,-1"
"ENHSP-OPT-HMAX[-de 1 -dp 1 -dh 1],CoOpRobots-NODELTA,problem-200.pddl,False,True,60000,-1,0,-1,-1,-1"
"ENHSP-OPT-HRADD[-de 1 -dp 1 -dh 1],CoOpRobots-NODELTA,problem-1000.pddl,False,True,60000,-1,0,-1,-1,-1"
"ENHSP-OPT-HADD[-de 1 -dp 1 -dh 1],CoOpRobots-NODELTA,problem-10000.pddl,False,True,60000,-1,0,-1,-1,-1"
"ENHSP-OPT-AIBR[-de 1 -dp 3 -dh 3],CoOpRobots-NODELTA,problem-1000.pddl,False,True,60000,-1,0,-1,-1,-1"
"ENHSP-SAT-HMAX[-de 1 -dp 3 -dh 3],CoOpRobots-NODELTA,problem-20000.pddl,False,True,60000,-1,0,-1,-1,-1"
"ENHSP-SAT-HADD[-de 1 -dp 3 -dh 3],CoOpRobots-NODELTA,problem-4000.pddl,True,False,56620.0,-1,172,-1,-1,-1"
"ENHSP-OPT-HRADD[-de 1 -dp 3 -dh 3],CoOpRobots-NODELTA,problem-5000.pddl,False,True,60000,-1,0,-1,-1,-1"
"ENHSP-OPT-HRADD[-de 1 -dp 1 -dh 1],CoOpRobots-NODELTA,problem-100.pddl,True,False,34880.0,-1,334,-1,-1,-1"
"ENHSP-OPT-HMAX[-de 1 -dp 3 -dh 3],CoOpRobots-NODELTA,problem-1.pddl,True,False,1380.0,-1,18,-1,-1,-1"
"ENHSP-OPT-HMRP[-de 1 -dp 1 -dh 1],CoOpRobots-DELTA,problem-200.pddl,True,False,48280.0,-1,18,-1,-1,-1"
"ENHSP-OPT-AIBR[-de 1 -dp 1 -dh 1],CoOpRobots-NODELTA,problem-100.pddl,True,False,4600.0,-1,120,-1,-1,-1"
"ENHSP-OPT-HMRP[-de 1 -dp 1 -dh 1],CoOpRobots-DELTA,problem-100.pddl,True,False,25210.0,-1,18,-1,-1,-1"
"ENHSP-SAT-HMAX[-de 1 -dp 3 -dh 3],CoOpRobots-NODELTA,problem-1000.pddl,True,False,14970.0,-1,176,-1,-1,-1"
"ENHSP-SAT-HMAX[-de 1 -dp 3 -dh 3],CoOpRobots-NODELTA,problem-100.pddl,True,False,4120.0,-1,146,-1,-1,-1"
"ENHSP-OPT-AIBR[-de 1 -dp 3 -dh 3],CoOpRobots-NODELTA,problem-500.pddl,True,False,22870.0,-1,120,-1,-1,-1"
"ENHSP-SAT-HMRP[-de 1 -dp 3 -dh 3],CoOpRobots-NODELTA,problem-2000.pddl,True,False,32500.0,-1,146,-1,-1,-1"
"ENHSP-OPT-HADD[-de 1 -dp 1 -dh 1],CoOpRobots-DELTA,problem-500.pddl,True,False,19390.0,-1,18,-1,-1,-1"
"ENHSP-OPT-HRADD[-de 1 -dp 3 -dh 3],CoOpRobots-NODELTA,problem-1.pddl,True,False,1330.0,-1,18,-1,-1,-1"
"ENHSP-OPT-AIBR[-de 1 -dp 1 -dh 1],CoOpRobots-DELTA,problem-10.pddl,True,False,13250.0,-1,18,-1,-1,-1"
"ENHSP-OPT-AIBR[-de 1 -dp 3 -dh 3],CoOpRobots-NODELTA,problem-200.pddl,True,False,7490.0,-1,120,-1,-1,-1"
"ENHSP-OPT-HADD[-de 1 -dp 1 -dh 1],CoOpRobots-NODELTA,problem-10.pddl,True,False,12530.0,-1,18,-1,-1,-1"
"ENHSP-OPT-HADD[-de 1 -dp 1 -dh 1],CoOpRobots-NODELTA,problem-1.pddl,True,False,4250.0,-1,18,-1,-1,-1"
"ENHSP-SAT-HRADD[-de 1 -dp 3 -dh 3],CoOpRobots-NODELTA,problem-100.pddl,True,False,4820.0,-1,120,-1,-1,-1"
"ENHSP-OPT-AIBR[-de 1 -dp 3 -dh 3],CoOpRobots-NODELTA,problem-10.pddl,True,False,1920.0,-1,66,-1,-1,-1"
"ENHSP-OPT-HMAX[-de 1 -dp 1 -dh 1],CoOpRobots-DELTA,problem-500.pddl,True,False,18820.0,-1,18,-1,-1,-1"
"ENHSP-SAT-HMRP[-de 1 -dp 3 -dh 3],CoOpRobots-NODELTA,problem-200.pddl,True,False,5770.0,-1,140,-1,-1,-1"
"ENHSP-OPT-HRADD[-de 1 -dp 3 -dh 3],CoOpRobots-NODELTA,problem-1000.pddl,True,False,16910.0,-1,120,-1,-1,-1"
"ENHSP-OPT-BLIND[-de 1 -dp 1 -dh 1],CoOpRobots-DELTA,problem-200.pddl,True,False,24380.0,-1,18,-1,-1,-1"
"ENHSP-OPT-HMRP[-de 1 -dp 1 -dh 1],CoOpRobots-NODELTA,problem-1.pddl,True,False,4630.0,-1,18,-1,-1,-1"
"ENHSP-SAT-HADD[-de 1 -dp 3 -dh 3],CoOpRobots-NODELTA,problem-10.pddl,True,False,1810.0,-1,80,-1,-1,-1"
"ENHSP-OPT-HRADD[-de 1 -dp 1 -dh 1],CoOpRobots-DELTA,problem-200.pddl,True,False,13670.0,-1,18,-1,-1,-1"
"ENHSP-OPT-AIBR[-de 1 -dp 1 -dh 1],CoOpRobots-NODELTA,problem-10.pddl,True,False,6790.0,-1,176,-1,-1,-1"
"ENHSP-SAT-HRADD[-de 1 -dp 3 -dh 3],CoOpRobots-NODELTA,problem-1000.pddl,True,False,14160.0,-1,120,-1,-1,-1"
"ENHSP-SAT-HMRP[-de 1 -dp 3 -dh 3],CoOpRobots-NODELTA,problem-100.pddl,True,False,5540.0,-1,178,-1,-1,-1"
"ENHSP-OPT-HMRP[-de 1 -dp 3 -dh 3],CoOpRobots-NODELTA,problem-10.pddl,True,False,2740.0,-1,18,-1,-1,-1"
"ENHSP-SAT-HADD[-de 1 -dp 3 -dh 3],CoOpRobots-NODELTA,problem-500.pddl,True,False,8000.0,-1,172,-1,-1,-1"
"ENHSP-SAT-HMAX[-de 1 -dp 1 -dh 1],CoOpRobots-NODELTA,problem-1.pddl,True,False,1810.0,-1,36,-1,-1,-1"
"ENHSP-OPT-HADD[-de 1 -dp 1 -dh 1],CoOpRobots-DELTA,problem-1.pddl,True,False,3630.0,-1,18,-1,-1,-1"
"ENHSP-SAT-HRADD[-de 1 -dp 3 -dh 3],CoOpRobots-NODELTA,problem-10.pddl,True,False,2060.0,-1,48,-1,-1,-1"
"ENHSP-SAT-BLIND[-de 1 -dp 1 -dh 1],CoOpRobots-NODELTA,problem-1.pddl,True,False,910.0,-1,44,-1,-1,-1"
"ENHSP-OPT-AIBR[-de 1 -dp 1 -dh 1],CoOpRobots-DELTA,problem-1.pddl,True,False,9800.0,-1,18,-1,-1,-1"
"ENHSP-OPT-BLIND[-de 1 -dp 1 -dh 1],CoOpRobots-NODELTA,problem-1.pddl,True,False,3570.0,-1,18,-1,-1,-1"
"ENHSP-OPT-HRADD[-de 1 -dp 3 -dh 3],CoOpRobots-NODELTA,problem-10.pddl,True,False,2310.0,-1,18,-1,-1,-1"