"PARTIAL,fo-farmland,0.75.pddl,True,False,145351.0,1.4019429471733622,1.40194294717322,1790.3687988255,23.0,2368.0,2366.0"
"TOTAL,HVAC,instance_1_17.pddl,True,False,95069.0,4.310168353185249e-26,0.0,0.0,57.0,214.0,64.0"
"PARTIAL,zenotravel,0.75.pddl,True,False,214.0,1.5089530084477636e-22,0.0,38350018.0,53.0,11.0,7.0"
"PARTIAL,fo-sailing,0.25.pddl,True,False,1354.0,2.0794809277000788e-05,2.07948092761685e-05,31.7574898659044,10.0,468.0,17.0"
"PARTIAL,UTC,0.25.pddl,False,False,0.0,1.4140337375798384,-1,-1,842.0,194.0,661.0"
"TOTAL,hydropower,pfile11.pddl,True,False,8995.0,2.232439383920531e-27,0.0,0.0,4059.0,57.0,32.0"
"TOTAL,fo_counters,instance_5.pddl,True,False,233.0,0.0,0.0,0.0,12.0,74.0,72.0"
"TOTAL,Linear-Car-2,p11.pddl,True,False,107.0,0.0,0.0,0.0,8.0,55.0,19.0"
"NOISE,HVAC,45.pddl,False,False,0.0,1065.5477768993678,-1,-1,9.0,14.0,6.0"
"PARTIAL,fo-farmland,0.pddl,True,False,1409.0,0.0,0.0,34253.4270657996,9.0,303.0,247.0"
"PARTIAL,drone,0.5.pddl,False,False,0.0,0.016981211322497976,-1,-1,19.0,5.0,16.0"
"TOTAL,Descent,prob_earth02.pddl,True,False,538.0,1.207520214737727e-25,0.0,0.0,17.0,20.0,27.0"
"PARTIAL,farmland,0.pddl,True,False,460.0,0.0,0.0,25211.7891483795,7.0,169.0,172.0"
"PARTIAL,fo-farmland,0.5.pddl,True,False,2042.0,1.4206845115780224,1.42068451157861,10147.6696439781,23.0,489.0,456.0"
"TOTAL,Descent,prob_earth13.pddl,True,False,2116.0,3.082297459802038e-25,0.0,0.0,17.0,43.0,64.0"
"TOTAL,Linear-Car-2,p12.pddl,True,False,111.0,2.2186712959340957e-27,0.0,0.0,8.0,55.0,19.0"
"TOTAL,rover,pfile4.pddl,True,False,706.0,0.0,0.0,0.0,185.0,85.0,71.0"
"NOISE,watering,20.pddl,False,False,0.0,4124.126876328377,-1,-1,32.0,326.0,112.0"
"PARTIAL,watering,0.25.pddl,False,False,0.0,57.5716645423035,-1,-1,38.0,572.0,259.0"
"TOTAL,watering,instance_14_13_2_1.pddl,False,False,0.0,29.482210261053893,-1,-1,56.0,1414.0,379.0"
"TOTAL,rover,pfile14.pddl,True,False,6364.0,0.0,0.0,0.0,901.0,141.0,124.0"
"NOISE,HVAC,20.pddl,True,False,416.0,178.99734813466176,178.997348134662,507.083892522307,9.0,14.0,6.0"
"PARTIAL,fo_counters,0.5.pddl,True,False,2045.0,0.4297951510633768,0.429795151063377,8952.04999374316,14.0,95.0,91.0"
"PARTIAL,zenotravel,0.pddl,False,False,0.0,0.0,-1,-1,31.0,11.0,3.0"
"PARTIAL,rover,0.75.pddl,True,False,1064.0,0.0,0.0,0.0,160.0,127.0,117.0"
"TOTAL,zenotravel,pfile22.pddl,True,False,158537.0,1.9505392491865105e-24,0.0,0.0,2306.0,121.0,65.0"
"NOISE,farmland,35.pddl,True,False,549.0,63.17749118083276,63.1774911808358,350.106782660585,7.0,169.0,172.0"
"PARTIAL,Linear-Car,0.5.pddl,False,False,0.0,0.009738551621189645,-1,-1,8.0,37.0,15.0"
"TOTAL,Descent,prob_earth06.pddl,True,False,1036.0,1.5584510212390668e-24,0.0,0.0,17.0,30.0,43.0"
"NOISE,counters,50.pddl,True,False,104.0,1650.6978486077394,1650.69784860774,246.614983808792,5.0,6.0,9.0"
"TOTAL,mprime,pfile26.pddl,True,False,1747.0,1.1093356479670479e-29,0.0,0.0,289.0,125.0,71.0"
"TOTAL,farmland,instance_6_400_1229.pddl,True,False,799.0,0.0,0.0,0.0,43.0,228.0,234.0"
"PARTIAL,farmland,0.5.pddl,True,False,444.0,8.985618748533088e-26,0.0,10130.0,21.0,172.0,176.0"
"TOTAL,sailing,instance_2_9_1229.pddl,True,False,3192.0,5.272330782667321e-25,0.0,0.0,22.0,894.0,36.0"
"PARTIAL,counters,0.pddl,False,True,180000,-1,-1,-1,41.0,818.0,834.0"
"TOTAL,fo_counters,instance_10.pddl,True,False,1017.0,0.0,0.0,0.0,22.0,152.0,149.0"
"PARTIAL,rover,0.25.pddl,True,False,66.0,0.0,0.0,1.0,112.0,12.0,10.0"
"PARTIAL,rover,0.75.pddl,True,False,403.0,0.0,0.0,0.0,185.0,46.0,43.0"
"TOTAL,Linear-Car-2,p10.pddl,True,False,110.0,0.0,0.0,0.0,8.0,55.0,19.0"
"PARTIAL,mprime,0.25.pddl,True,False,1687.0,0.0,0.0,17524.0,308.0,149.0,63.0"
"PARTIAL,sailing,0.75.pddl,True,False,1356.0,0.013773877688674083,0.0137738776885886,410.793053304708,10.0,742.0,16.0"
"PARTIAL,fo-farmland,0.75.pddl,True,False,349.0,0.0,0.0,1225.0,9.0,59.0,61.0"
"TOTAL,zenotravel,pfile6.pddl,True,False,342.0,2.961886311781425e-23,0.0,0.0,67.0,14.0,6.0"
"PARTIAL,fo_counters,0.25.pddl,True,False,460.0,0.001300963157620412,0.00130096315762041,6832.06857957881,10.0,29.0,32.0"
"PARTIAL,fo-farmland,0.pddl,False,True,180000,-1,-1,-1,-1,-1,-1"
"PARTIAL,zenotravel,0.75.pddl,True,False,170.0,3.1153256672779085e-22,0.0,2170585.0,31.0,6.0,4.0"
"PARTIAL,counters,0.75.pddl,False,False,0.0,0.7523170830539088,-1,-1,41.0,818.0,834.0"
"TOTAL,mprime,pfile25.pddl,True,False,121.0,1.1093356479670479e-29,0.0,0.0,42.0,29.0,22.0"
"PARTIAL,Descent,0.25.pddl,False,False,0.0,2492.643817223428,-1,-1,17.0,15.0,19.0"
"TOTAL,UTC,problem_4.pddl,False,False,0.0,2.303223013604828,-1,-1,842.0,115.0,554.0"
"TOTAL,rover,pfile6.pddl,True,False,703.0,0.0,0.0,0.0,257.0,70.0,64.0"
"TOTAL,fo-farmland,instance_4_300_1229.pddl,True,False,2064.0,8.985618748533088e-26,0.0,0.0,23.0,489.0,456.0"
"PARTIAL,Baxter,0.pddl,True,False,53.0,0.0,0.0,328050.006032999,63.0,5.0,2.0"
"PARTIAL,rover,0.5.pddl,True,False,592.0,0.0,0.0,400.0,185.0,85.0,71.0"
"PARTIAL,watering,0.75.pddl,False,False,0.0,36.83823347075694,-1,-1,68.0,1285.0,375.0"
"PARTIAL,fo_counters,0.75.pddl,False,False,0.0,0.1768368270613837,-1,-1,8.0,48.0,46.0"
"PARTIAL,Baxter,0.25.pddl,True,False,81.0,7.421867664722527e-27,0.0,95906.68,63.0,7.0,3.0"
"PARTIAL,sugar,0.pddl,False,False,0.0,0.0,-1,-1,180.0,91.0,74.0"
"TOTAL,Descent,prob_earth05.pddl,True,False,951.0,1.207520214737727e-25,0.0,0.0,17.0,32.0,43.0"
"NOISE,expedition,15.pddl,True,False,593.0,450.42973144235424,450.429731442354,631.154819155209,58.0,120.0,67.0"
"PARTIAL,counters,0.5.pddl,False,False,0.0,0.3636985367315415,-1,-1,41.0,818.0,834.0"
"PARTIAL,zenotravel,0.25.pddl,True,False,220.0,0.003635515492121914,0.00363551549218879,37639808.5348969,61.0,12.0,4.0"
"PARTIAL,watering,0.25.pddl,False,False,0.0,9.39646261857605,-1,-1,50.0,756.0,276.0"
"TOTAL,HVAC,instance_1_20.pddl,True,False,127690.0,7.270413273453015e-26,0.0,0.0,66.0,249.0,72.0"
"TOTAL,drone,problem_1_1_4.pddl,True,False,276.0,4.8588901380956696e-29,0.0,0.0,27.0,11.0,32.0"
"PARTIAL,watering,0.25.pddl,False,False,0.0,0.03255082567959122,-1,-1,32.0,422.0,152.0"
"NOISE,counters,15.pddl,True,False,62.0,0.5059288895250204,0.50592888952503,517.928401215437,5.0,6.0,9.0"
"PARTIAL,farmland,0.75.pddl,True,False,3800.0,9.937509342620491e-05,9.93750934262049e-05,502014.810211339,7.0,341.0,344.0"
"TOTAL,UTC,problem1_medium_revised.pddl,True,False,21575.0,1.3064547759345093,1.30645477593451,1.30645477593451,2661.0,30.0,349.0"
"TOTAL,sailing,instance_4_7_1229.pddl,True,False,2169.0,5.012462251117152e-25,0.0,0.0,22.0,532.0,28.0"
"TOTAL,HVAC,instance_1_13.pddl,True,False,28883.0,3.428808576446416e-26,0.0,0.0,45.0,172.0,54.0"
"NOISE,fo-sailing,30.pddl,False,False,0.0,144.5924054228886,-1,-1,6.0,294.0,5.0"
"NOISE,rover,25.pddl,True,False,90.0,5.549648794181462e-27,0.0,221.0,105.0,11.0,10.0"
"PARTIAL,Descent,0.75.pddl,True,False,642.0,0.00015831413859206174,0.000158314138597217,25416.1527488415,17.0,20.0,27.0"
"TOTAL,Linear-Car,instance_8_30.0_0.1_10.0.pddl,True,False,136.0,0.0,0.0,0.0,8.0,40.0,15.0"
"TOTAL,rover,pfile9.pddl,True,False,7872.0,0.0,0.0,0.0,553.0,223.0,207.0"
"TOTAL,farmland,instance_8_700_1229.pddl,True,False,1651.0,6.039716305598372e-25,0.0,0.0,73.0,313.0,321.0"
"TOTAL,hydropower,pfile09.pddl,True,False,11212.0,2.232439383920531e-27,0.0,0.0,4059.0,74.0,24.0"
"TOTAL,counters,inv_instance_4.pddl,True,False,87.0,1.437698999765294e-28,0.0,0.0,5.0,12.0,15.0"
"TOTAL,delivery,prob01.pddl,True,False,101.0,0.0,0.0,0.0,72.0,10.0,4.0"
"TOTAL,farmland,instance_10_700_1229.pddl,True,False,3665.0,6.039716305598372e-25,0.0,0.0,111.0,408.0,411.0"
"TOTAL,Linear-Car-2,p13.pddl,True,False,173.0,0.0,0.0,0.0,8.0,104.0,9.0"
"TOTAL,fo_counters,instance_16.pddl,True,False,5831.0,0.0,0.0,0.0,34.0,420.0,419.0"
"TOTAL,Baxter,P6_i2.pddl,True,False,184.0,4.975122477894959e-25,0.0,0.0,117.0,10.0,6.0"
"NOISE,Descent,50.pddl,True,False,520.0,831.1424128256181,831.142412825618,7497.33154238732,17.0,15.0,19.0"
"TOTAL,counters,rnd_instance_40_3.pddl,False,False,0.0,58.7805215629385,-1,-1,41.0,1913.0,1377.0"
"TOTAL,drone,problem_3_3_4.pddl,True,False,4772.0,2.198703254270689e-28,0.0,0.0,155.0,99.0,167.0"
"NOISE,HVAC,5.pddl,True,False,257.0,11.99885011992783,11.9988501199278,34.0051194977587,9.0,14.0,6.0"
"TOTAL,fo-sailing,instance_5_1_1229.pddl,True,False,652.0,8.840172519132964e-29,0.0,0.0,18.0,202.0,8.0"
"PARTIAL,Baxter,0.75.pddl,True,False,73.0,0.0004791004504993596,0.000479100450499292,95630.427510884,63.0,5.0,2.0"
"PARTIAL,Solar-Rover,0.75.pddl,True,False,136.0,0.0,0.0,10000.0,20.0,60.0,2.0"
"NOISE,sailing,20.pddl,True,False,866.0,325.6537925849577,325.653792584959,535.090179423255,10.0,742.0,16.0"
"NOISE,hydropower,25.pddl,True,False,2875.0,1.1027696135262473e-26,0.0,5527.0,4059.0,17.0,4.0"
"TOTAL,HVAC,instance_1_19.pddl,True,False,85817.0,7.270413273453015e-26,0.0,0.0,63.0,242.0,72.0"
"PARTIAL,delivery,0.pddl,True,False,373.0,0.0,0.0,30283.543232427,152.0,40.0,12.0"
"TOTAL,counters,rnd_instance_8_3.pddl,True,False,159.0,8.724308573678627e-29,0.0,0.0,9.0,51.0,58.0"
"PARTIAL,drone,0.25.pddl,False,False,0.0,0.06965270576810076,-1,-1,171.0,119.0,185.0"
"PARTIAL,mprime,0.pddl,True,False,320.0,0.0,0.0,50398.0,288.0,42.0,24.0"
"TOTAL,hydropower,pfile12.pddl,True,False,15766.0,2.2511871563711743e-27,0.0,0.0,4059.0,99.0,57.0"
"NOISE,Baxter,5.pddl,True,False,140.0,3.4697391101563026e-25,0.0,91.0,63.0,5.0,2.0"
"TOTAL,watering,instance_12_15_2_1.pddl,False,False,0.0,38.52052741411787,-1,-1,62.0,1119.0,360.0"
"NOISE,drone,10.pddl,False,False,0.0,87.83571166154591,-1,-1,19.0,5.0,16.0"
"TOTAL,sugar,pfile10.pddl,True,False,1482.0,3.984733647497636e-28,0.0,0.0,180.0,55.0,51.0"
"TOTAL,counters,rnd_instance_32_2.pddl,False,False,0.0,137.3151454398388,-1,-1,33.0,1399.0,904.0"
"TOTAL,sugar,pfile05.pddl,True,False,1498.0,3.984733647497636e-28,0.0,0.0,181.0,91.0,74.0"
"TOTAL,Descent,prob_earth12.pddl,True,False,1672.0,4.0474194735333694e-25,0.0,0.0,17.0,40.0,59.0"
"PARTIAL,zenotravel,0.pddl,True,False,235.0,0.0,0.0,69474629.945447,53.0,11.0,7.0"
"PARTIAL,Linear-Car,0.pddl,False,False,0.0,0.0,-1,-1,7.0,37.0,15.0"
"PARTIAL,fo-farmland,0.5.pddl,False,True,180000,-1,-1,-1,-1,-1,-1"
"TOTAL,sailing,instance_4_6_1229.pddl,True,False,2103.0,3.7882526781318207e-25,0.0,0.0,20.0,520.0,24.0"
"NOISE,delivery,10.pddl,True,False,107.0,107.9578478468511,107.957847846851,106.937407893596,72.0,10.0,4.0"
"PARTIAL,UTC,0.25.pddl,False,False,0.0,1.6108416487656867,-1,-1,842.0,115.0,554.0"
"PARTIAL,delivery,0.25.pddl,True,False,465.0,0.0011846411631696108,0.00118464116316961,22334.2091481693,152.0,40.0,12.0"
"TOTAL,rover,pfile13.pddl,True,False,6075.0,0.0,0.0,0.0,784.0,164.0,129.0"
"PARTIAL,drone,0.5.pddl,False,False,0.0,0.24167446619007932,-1,-1,171.0,119.0,185.0"
"TOTAL,HVAC,instance_1_7.pddl,True,False,8156.0,1.9512080060189117e-26,0.0,0.0,27.0,95.0,33.0"
"TOTAL,sugar,pfile12.pddl,True,False,1374.0,3.984733647497636e-28,0.0,0.0,181.0,58.0,44.0"
"PARTIAL,UTC,0.75.pddl,True,False,13545.0,0.8946692076924321,0.894669207692415,1016900.28845277,844.0,86.0,412.0"
"NOISE,Baxter,40.pddl,True,False,114.0,1001.5740233471072,1001.57402334711,7166.8725767589,63.0,5.0,2.0"
"TOTAL,fo-farmland,instance_6_400_1229.pddl,True,False,10973.0,0.0,0.0,0.0,45.0,986.0,991.0"
"NOISE,Linear-Car-2,1.pddl,True,False,108.0,0.0,0.0,1.0,8.0,75.0,9.0"
"TOTAL,sailing,instance_1_7_1229.pddl,True,False,1452.0,5.012462251117152e-25,0.0,0.0,16.0,757.0,28.0"
"PARTIAL,watering,0.25.pddl,False,False,0.0,0.19223428006429696,-1,-1,32.0,326.0,112.0"
"PARTIAL,counters,0.75.pddl,False,False,0.0,0.24499472128798652,-1,-1,13.0,76.0,82.0"
"TOTAL,fo_counters,instance_14.pddl,True,False,1632.0,1.5461673742331831e-28,0.0,0.0,30.0,199.0,199.0"
"NOISE,Linear-Car-2,40.pddl,False,False,0.0,649.844780809019,-1,-1,8.0,75.0,9.0"
"PARTIAL,watering,0.5.pddl,False,False,0.0,27.044285835765965,-1,-1,50.0,756.0,276.0"
"PARTIAL,zenotravel,0.5.pddl,True,False,211.0,0.06611772711327255,0.0661177271133797,52712726.0645623,31.0,11.0,3.0"
"PARTIAL,Descent,0.pddl,False,False,0.0,0.0,-1,-1,17.0,20.0,27.0"
"PARTIAL,Descent,0.25.pddl,False,False,0.0,2572.7447146612744,-1,-1,17.0,23.0,32.0"
"TOTAL,counters,rnd_instance_40_2.pddl,True,False,17540.0,0.48000703537124245,0.48000703537125,0.48000703537125,41.0,1088.0,1117.0"
"PARTIAL,Baxter,0.75.pddl,True,False,122.0,3.901975383918451e-26,0.0,0.0,63.0,13.0,4.0"
"PARTIAL,rover,0.25.pddl,True,False,1366.0,0.0,0.0,80.166621369475,160.0,127.0,117.0"
"PARTIAL,Linear-Car,0.75.pddl,False,False,0.0,0.03733603016513554,-1,-1,8.0,40.0,12.0"
"NOISE,farmland,30.pddl,True,False,235.0,4.927008277261504e-26,0.0,1764.0,7.0,169.0,172.0"
"NOISE,UTC,45.pddl,False,False,0.0,21323.870685969017,-1,-1,2661.0,30.0,349.0"
"TOTAL,hydropower,pfile02.pddl,True,False,5386.0,2.232439383920531e-27,0.0,0.0,4059.0,37.0,4.0"
"NOISE,fo-sailing,35.pddl,False,False,0.0,1293.5013588281074,-1,-1,6.0,294.0,5.0"
"TOTAL,zenotravel,pfile19.pddl,True,False,45232.0,1.640635489052491e-21,0.0,0.0,1156.0,90.0,47.0"
"NOISE,watering,30.pddl,False,False,0.0,8644.17761472328,-1,-1,32.0,326.0,112.0"
"NOISE,watering,45.pddl,False,False,0.0,20707.01079975508,-1,-1,32.0,326.0,112.0"
"PARTIAL,expedition,0.25.pddl,True,False,579.0,0.10523366312247258,0.105233663122473,869636.388651358,58.0,120.0,67.0"
"PARTIAL,fo_counters,0.25.pddl,True,False,1704.0,0.12639106582945608,0.126391065829456,24196.1089095638,14.0,95.0,91.0"
"TOTAL,HVAC,instance_1_11.pddl,True,False,31841.0,2.9573409260604206e-26,0.0,0.0,39.0,143.0,47.0"
"NOISE,rover,10.pddl,True,False,68.0,0.8767229544882281,0.876722954488361,17.1313834792035,105.0,11.0,10.0"
"NOISE,Baxter,20.pddl,True,False,141.0,2.241996202059393e-25,0.0,1542.0,63.0,5.0,2.0"
"PARTIAL,UTC,0.5.pddl,False,False,0.0,1.6549999137926408,-1,-1,842.0,86.0,412.0"
"TOTAL,Descent,prob_earth14.pddl,True,False,1480.0,5.072938650320685e-25,0.0,0.0,17.0,43.0,64.0"
"PARTIAL,farmland,0.5.pddl,False,False,0.0,0.03925119099425262,-1,-1,21.0,115.0,119.0"
"NOISE,expedition,35.pddl,True,False,543.0,3102.106124963073,3102.10612496307,1351.5213105281,58.0,120.0,67.0"
"PARTIAL,sugar,0.25.pddl,False,False,0.0,0.04864921549559962,-1,-1,180.0,91.0,74.0"
"TOTAL,delivery,prob11.pddl,True,False,994.0,0.0,0.0,0.0,313.0,59.0,24.0"
"TOTAL,Linear-Car-2,p21.pddl,True,False,171.0,1.9968041663406861e-28,0.0,0.0,8.0,70.0,23.0"
"TOTAL,drone,problem_4_2_5.pddl,True,False,5504.0,3.1704812818898228e-28,0.0,0.0,171.0,112.0,185.0"
"TOTAL,Solar-Rover,prob01.pddl,True,False,110.0,0.0,0.0,0.0,20.0,60.0,2.0"
"PARTIAL,Linear-Car-2,0.75.pddl,False,False,0.0,0.021884751107972215,-1,-1,8.0,55.0,19.0"
"PARTIAL,sailing,0.25.pddl,True,False,1267.0,2.8662304904490058e-05,2.86623049045614e-05,1123.95108915542,12.0,743.0,20.0"
"PARTIAL,farmland,0.pddl,True,False,8055.0,0.0,0.0,89526.3814193075,7.0,341.0,344.0"
"NOISE,farmland,40.pddl,True,False,459.0,660.9171370655547,660.917137065542,628.758491505696,7.0,169.0,172.0"
"PARTIAL,mprime,0.pddl,True,False,267.0,0.0,0.0,40722.5914690963,70.0,75.0,49.0"
"TOTAL,hydropower,pfile19.pddl,True,False,33249.0,3.341775031887579e-27,0.0,0.0,4059.0,171.0,127.0"
"NOISE,farmland,20.pddl,True,False,303.0,1.513382315012198e-25,0.0,401.0,7.0,169.0,172.0"
"TOTAL,watering,instance_11_5_2_1.pddl,False,False,0.0,80.54569250028541,-1,-1,32.0,422.0,152.0"
"NOISE,delivery,25.pddl,True,False,152.0,21.38561620391243,21.3856162039124,791.44675858042,72.0,10.0,4.0"
"TOTAL,fo-farmland,instance_8_700_1229.pddl,True,False,64642.0,6.039716305598372e-25,0.0,0.0,75.0,2106.0,2114.0"
"PARTIAL,Baxter,0.25.pddl,True,False,66.0,8.215935175177516e-27,0.0,120578.94,63.0,5.0,2.0"
"TOTAL,farmland,instance_4_200_1229.pddl,True,False,223.0,0.0,0.0,0.0,21.0,115.0,119.0"
"NOISE,farmland,10.pddl,True,False,362.0,92.39208921921107,92.3920892192114,41.9963918876452,7.0,169.0,172.0"
"NOISE,expedition,50.pddl,True,False,688.0,4115.70110472295,4115.70110472295,5679.73358358819,58.0,120.0,67.0"
"NOISE,fo_counters,1.pddl,True,False,70.0,1.1010252821645583,1.10102528216456,2.84024739289115,6.0,9.0,10.0"
"TOTAL,Baxter,P7_i3.pddl,True,False,368.0,3.6983113898111485e-25,0.0,0.0,150.0,23.0,8.0"
"NOISE,counters,30.pddl,True,False,89.0,1280.6205385584124,1280.62053855841,674.229109703753,5.0,6.0,9.0"
"TOTAL,watering,instance_12_17_2_1.pddl,False,False,0.0,22.61245648407137,-1,-1,68.0,1231.0,380.0"
"TOTAL,zenotravel,pfile3.pddl,True,False,289.0,1.026987862933691e-21,0.0,0.0,48.0,7.0,3.0"
"PARTIAL,hydropower,0.5.pddl,True,False,6820.0,0.019855370256189803,0.0198553702561897,736562.55825036,4059.0,56.0,9.0"
"PARTIAL,sugar,0.75.pddl,True,False,1267.0,2.436101082935637e-28,0.0,31572.0,181.0,91.0,74.0"
"PARTIAL,Descent,0.5.pddl,False,False,0.0,-1,-1,-1,17.0,15.0,19.0"
"PARTIAL,UTC,0.75.pddl,True,False,15700.0,1.5287768919139977,1.528776891914,98018111.9941521,842.0,69.0,369.0"
"NOISE,Baxter,15.pddl,False,False,0.0,3.030322090721127e-25,-1,-1,63.0,5.0,2.0"
"TOTAL,fo-farmland,instance_6_900_1229.pddl,True,False,38817.0,8.087056873679779e-25,0.0,0.0,45.0,1810.0,1817.0"
"TOTAL,Linear-Car-2,p20.pddl,True,False,166.0,0.0,0.0,0.0,8.0,72.0,23.0"
"PARTIAL,mprime,0.25.pddl,True,False,783.0,0.0,0.0,28200.0,231.0,88.0,30.0"
"PARTIAL,Solar-Rover,0.25.pddl,True,False,199.0,4.4373425918681914e-27,0.0,26100.0,20.0,160.0,2.0"
"PARTIAL,UTC,0.pddl,True,False,26418.0,0.0,0.0,154516.689357188,2641.0,30.0,349.0"
"TOTAL,fo_counters,instance_3.pddl,True,False,135.0,1.437698999765294e-28,0.0,0.0,8.0,48.0,46.0"
"PARTIAL,counters,0.pddl,True,False,74.0,0.0,0.0,8712.92935141312,5.0,6.0,9.0"
"TOTAL,delivery,prob05.pddl,True,False,292.0,0.0,0.0,0.0,152.0,40.0,12.0"
"PARTIAL,farmland,0.25.pddl,True,False,1905.0,8.832654805638858e-07,8.83265480563886e-07,363825.054633036,7.0,398.0,401.0"
"TOTAL,sailing,instance_3_6_1229.pddl,True,False,2956.0,3.7882526781318207e-25,0.0,0.0,18.0,900.0,24.0"
"TOTAL,watering,instance_15_7_2_1.pddl,False,False,0.0,18.312081077059432,-1,-1,38.0,800.0,177.0"
"TOTAL,mprime,pfile23.pddl,True,False,22098.0,4.4373425918681914e-29,0.0,0.0,936.0,356.0,155.0"
"NOISE,Solar-Rover,40.pddl,True,False,127.0,1062.2423049568104,1062.24230495681,2230.88467974255,20.0,60.0,2.0"
"PARTIAL,watering,0.75.pddl,False,False,0.0,4.313859122795475,-1,-1,32.0,422.0,152.0"
"PARTIAL,rover,0.pddl,True,False,407.0,0.0,0.0,10.742758274161,185.0,46.0,43.0"
"TOTAL,HVAC,instance_1_15.pddl,True,False,67287.0,4.266815516062697e-26,0.0,0.0,51.0,191.0,57.0"
"TOTAL,fo-sailing,instance_4_4_1229.pddl,True,False,3817.0,2.16513981120338e-25,0.0,0.0,21.0,1007.0,24.0"
"NOISE,watering,35.pddl,False,False,0.0,8655.68177488458,-1,-1,32.0,326.0,112.0"
"PARTIAL,hydropower,0.25.pddl,True,False,8189.0,1.0701263858039775e-05,1.0701263857875e-05,16757.7591324535,4059.0,56.0,9.0"
"PARTIAL,counters,0.25.pddl,True,False,170.0,8.593695468533324e-05,8.59369546853332e-05,175.116636934724,5.0,6.0,9.0"
"PARTIAL,Linear-Car-2,0.5.pddl,True,False,115.0,0.015270846886657908,0.0152708468866579,10511.1456477422,8.0,53.0,15.0"
"TOTAL,hydropower,pfile28.pddl,False,False,0.0,-1,-1,-1,-1,-1,-1"
"TOTAL,HVAC,instance_1_16.pddl,True,False,74791.0,4.27068093449828e-26,0.0,0.0,54.0,203.0,62.0"
"TOTAL,zenotravel,pfile20.pddl,True,False,45671.0,1.5550464907937508e-21,0.0,0.0,1300.0,87.0,38.0"
"NOISE,counters,10.pddl,True,False,110.0,145.0502185655572,145.050218565557,107.68705764506,5.0,6.0,9.0"
"NOISE,mprime,45.pddl,True,False,283.0,2022.393911545465,2022.39391154547,2718.94001798705,70.0,75.0,49.0"
"NOISE,zenotravel,50.pddl,True,False,197.0,633.0462341898102,633.046234189809,12392.5976017632,31.0,11.0,3.0"
"NOISE,sailing,45.pddl,False,False,0.0,524.5679519943224,-1,-1,10.0,742.0,16.0"
"TOTAL,UTC,problem_2.pddl,True,False,8150.0,4.534779849977501,4.53477984997748,4.53477984997748,845.0,86.0,412.0"
"TOTAL,UTC,problem_cfr.pddl,True,False,6354.0,1.0521432323385245e-26,0.0,0.0,842.0,76.0,370.0"
"TOTAL,mprime,pfile04.pddl,True,False,774.0,1.1093356479670479e-29,0.0,0.0,198.0,121.0,62.0"
"PARTIAL,mprime,0.75.pddl,True,False,821.0,1.1093356479670479e-29,0.0,11393.0,198.0,121.0,62.0"
"TOTAL,farmland,instance_4_400_1229.pddl,True,False,411.0,0.0,0.0,0.0,21.0,229.0,234.0"
"TOTAL,fo_counters,instance_9.pddl,True,False,1009.0,2.5559093329160782e-28,0.0,0.0,20.0,147.0,151.0"
"PARTIAL,fo-farmland,0.25.pddl,True,False,44786.0,0.0,0.0,5443.0,23.0,2368.0,2366.0"
"TOTAL,counters,inv_instance_12.pddl,False,False,0.0,0.30596566995166113,-1,-1,13.0,180.0,185.0"
"NOISE,mprime,35.pddl,True,False,277.0,1348.34844738965,1348.34844738965,1651.66458527636,70.0,75.0,49.0"
"TOTAL,drone,problem_1_9_3.pddl,True,False,2182.0,2.1471561244951534e-27,0.0,0.0,119.0,77.0,157.0"
"PARTIAL,counters,0.25.pddl,True,False,1855.0,0.18387117392449037,0.183871173924487,49.3242470296545,13.0,76.0,82.0"
"PARTIAL,fo_counters,0.75.pddl,True,False,239.0,0.25629917519644313,0.256299175196443,56.2405639032997,10.0,29.0,32.0"
"NOISE,HVAC,35.pddl,True,False,463.0,56.99630540173453,56.9963054017346,1648.0291182931,9.0,14.0,6.0"
"PARTIAL,sugar,0.25.pddl,False,False,0.0,0.024769185315494345,-1,-1,180.0,63.0,44.0"
"TOTAL,drone,problem_2_5_4.pddl,True,False,4285.0,3.1704812818898228e-28,0.0,0.0,171.0,119.0,185.0"
"PARTIAL,sugar,0.pddl,False,False,0.0,0.0,-1,-1,180.0,63.0,44.0"
"PARTIAL,rover,0.5.pddl,True,False,1053.0,0.0,0.0,144.0,160.0,127.0,117.0"
"PARTIAL,watering,0.pddl,False,False,0.0,0.0,-1,-1,32.0,326.0,112.0"
"PARTIAL,mprime,0.pddl,True,False,1972.0,0.0,0.0,15597.0,308.0,149.0,63.0"
"TOTAL,Solar-Rover,prob03.pddl,True,False,224.0,4.4373425918681914e-27,0.0,0.0,20.0,160.0,2.0"
"PARTIAL,Linear-Car,0.75.pddl,False,False,0.0,0.07155595213699727,-1,-1,8.0,39.0,16.0"
"PARTIAL,counters,0.25.pddl,False,False,0.0,0.8928179956235809,-1,-1,41.0,818.0,834.0"
"TOTAL,fo-farmland,instance_8_900_1229.pddl,True,False,15771.0,8.087056873679779e-25,0.0,0.0,75.0,1178.0,1172.0"
"NOISE,Linear-Car,45.pddl,False,False,0.0,2839.5986564460145,-1,-1,8.0,8.0,8.0"
"PARTIAL,Solar-Rover,0.5.pddl,True,False,100.0,0.0,0.0,18000.0,20.0,60.0,2.0"
"PARTIAL,drone,0.25.pddl,False,False,0.0,0.07194024685985208,-1,-1,43.0,23.0,63.0"
"PARTIAL,sailing,0.75.pddl,True,False,2278.0,0.058678922833758654,0.0586789228337828,318.895658840056,16.0,757.0,28.0"
"NOISE,delivery,20.pddl,True,False,120.0,176.38324889500876,176.383248895009,592.09505230923,72.0,10.0,4.0"
"PARTIAL,sailing,0.pddl,True,False,2200.0,0.0,0.0,112187.947599322,22.0,771.0,40.0"
"NOISE,sugar,20.pddl,True,False,1226.0,312.23337039491344,312.233370394913,4136.21773510054,145.0,30.0,20.0"
"PARTIAL,fo-sailing,0.75.pddl,False,False,0.0,0.06839414312794541,-1,-1,6.0,294.0,5.0"
"PARTIAL,mprime,0.75.pddl,True,False,397.0,3.3280069439011436e-29,0.0,1493.0,288.0,42.0,24.0"
"TOTAL,watering,instance_10_5_2_1.pddl,True,False,1725.0,2.056905506557212e-27,0.0,0.0,32.0,326.0,112.0"
"TOTAL,farmland,instance_4_800_1229.pddl,True,False,1546.0,0.0,0.0,0.0,21.0,458.0,462.0"
"TOTAL,sugar,pfile06.pddl,True,False,1304.0,3.984733647497636e-28,0.0,0.0,181.0,46.0,44.0"
"PARTIAL,hydropower,0.75.pddl,True,False,9364.0,1.984194717808794e-27,0.0,12603.0,4059.0,68.0,17.0"
"NOISE,watering,50.pddl,False,False,0.0,18679.33079292269,-1,-1,32.0,326.0,112.0"
"TOTAL,Linear-Car-2,p18.pddl,True,False,105.0,2.875397999530588e-28,0.0,0.0,8.0,74.0,24.0"
"TOTAL,fo-farmland,instance_4_400_1229.pddl,True,False,1591.0,0.0,0.0,0.0,23.0,419.0,421.0"
"PARTIAL,Descent,0.75.pddl,True,False,802.0,83.0050555130522,83.0050555130523,112687.426819733,17.0,23.0,32.0"
"TOTAL,hydropower,pfile18.pddl,True,False,13237.0,2.3870561213438495e-27,0.0,0.0,4059.0,99.0,89.0"
"NOISE,counters,40.pddl,True,False,81.0,882.118761566715,882.118761566715,888.268676942822,5.0,6.0,9.0"
"PARTIAL,Solar-Rover,0.5.pddl,True,False,209.0,0.0,0.0,12225.0,20.0,160.0,2.0"
"NOISE,Descent,5.pddl,True,False,360.0,1.7480236747814901,1.74802367478189,118.162516705497,17.0,15.0,19.0"
"TOTAL,Baxter,P4_i5.pddl,True,False,117.0,4.769989701203035e-25,0.0,0.0,63.0,12.0,4.0"
"TOTAL,expedition,pfile13.pddl,True,False,1319.0,0.0,0.0,0.0,74.0,308.0,150.0"
"TOTAL,fo_counters,instance_21.pddl,True,False,10423.0,1.9568680830138724e-28,0.0,0.0,44.0,515.0,515.0"
"PARTIAL,Linear-Car-2,0.75.pddl,True,False,132.0,0.1640288349846614,0.164028834984661,1225.50076189128,8.0,58.0,12.0"
"NOISE,Linear-Car,30.pddl,False,False,0.0,1373.6595025040872,-1,-1,8.0,8.0,8.0"
"PARTIAL,zenotravel,0.5.pddl,True,False,161.0,7.952823407183282e-22,0.0,82787946.0,48.0,7.0,3.0"
"TOTAL,zenotravel,pfile18.pddl,True,False,22506.0,1.1810143208002921e-21,0.0,0.0,905.0,71.0,35.0"
"NOISE,mprime,40.pddl,True,False,270.0,1477.722570752926,1477.72257075293,1292.79499101544,70.0,75.0,49.0"
"TOTAL,Descent,prob_earth09.pddl,True,False,1080.0,9.294577088417506e-25,0.0,0.0,17.0,35.0,51.0"
"TOTAL,HVAC,instance_1_9.pddl,True,False,22806.0,2.9534755076248377e-26,0.0,0.0,33.0,118.0,40.0"
"TOTAL,drone,problem_8_1_5.pddl,True,False,4926.0,4.04177815170643e-27,0.0,0.0,171.0,136.0,203.0"
"TOTAL,Baxter,P5_i1.pddl,True,False,160.0,4.637083613973899e-25,0.0,0.0,88.0,13.0,4.0"
"PARTIAL,counters,0.25.pddl,True,False,92.0,0.38163859723835736,0.381638597238357,2121.37570572383,5.0,12.0,15.0"
"TOTAL,fo-farmland,instance_8_300_1229.pddl,True,False,2249.0,8.985618748533088e-26,0.0,0.0,75.0,332.0,338.0"
"PARTIAL,Baxter,0.5.pddl,True,False,104.0,0.001741994114458838,0.00174199411444902,135943.658492025,63.0,6.0,2.0"
"NOISE,delivery,1.pddl,True,False,90.0,2.2186712959340957e-29,0.0,4.0,72.0,10.0,4.0"
"PARTIAL,UTC,0.pddl,True,False,23696.0,0.0,0.0,202629682.809984,842.0,115.0,554.0"
"NOISE,counters,45.pddl,True,False,87.0,312.5421997574258,312.542199757426,786.137792559689,5.0,6.0,9.0"
"TOTAL,farmland,instance_6_200_1229.pddl,True,False,394.0,0.0,0.0,0.0,43.0,113.0,120.0"
"PARTIAL,hydropower,0.pddl,True,False,9643.0,0.0,0.0,1132678.80225574,4059.0,56.0,9.0"
"TOTAL,watering,instance_13_13_2_1.pddl,False,False,0.0,36.3284436772076,-1,-1,56.0,1201.0,367.0"
"NOISE,farmland,50.pddl,True,False,251.0,9.649425478753939e-26,0.0,2986.0,7.0,169.0,172.0"
"PARTIAL,Linear-Car-2,0.25.pddl,False,False,0.0,0.0010972169762550749,-1,-1,7.0,53.0,15.0"
"PARTIAL,UTC,0.pddl,False,False,0.0,0.0,-1,-1,842.0,69.0,369.0"
"NOISE,mprime,1.pddl,True,False,314.0,2.1611668080761026,2.16116680807611,1.32805390345914,70.0,75.0,49.0"
"PARTIAL,Linear-Car,0.5.pddl,False,False,0.0,0.02574162519980612,-1,-1,8.0,40.0,12.0"
"NOISE,sailing,30.pddl,False,False,0.0,1009.637524778116,-1,-1,10.0,742.0,16.0"
"PARTIAL,Baxter,0.pddl,True,False,55.0,0.0,0.0,302920.132337585,63.0,6.0,2.0"
"PARTIAL,UTC,0.pddl,False,False,0.0,0.0,-1,-1,842.0,86.0,412.0"
"PARTIAL,hydropower,0.75.pddl,True,False,8709.0,0.1056338039204996,0.1056338039205,726.906421908292,4059.0,56.0,9.0"
"NOISE,rover,1.pddl,True,False,87.0,0.0,0.0,0.0,105.0,11.0,10.0"
"TOTAL,mprime,pfile27.pddl,True,False,899.0,2.391727657016955e-28,0.0,0.0,140.0,140.0,96.0"
"PARTIAL,HVAC,0.25.pddl,False,False,0.0,0.03657410418116753,-1,-1,18.0,56.0,22.0"
"PARTIAL,Baxter,0.25.pddl,True,False,99.0,5.22512813670582e-05,5.22512813678198e-05,236397.956895116,63.0,6.0,2.0"
"TOTAL,Linear-Car,instance_10_30.0_0.1_10.0.pddl,True,False,95.0,0.0,0.0,0.0,8.0,40.0,15.0"
"TOTAL,Descent,prob_earth01.pddl,True,False,348.0,1.207520214737727e-25,0.0,0.0,17.0,15.0,19.0"
"NOISE,expedition,10.pddl,True,False,683.0,50.898410758634185,50.8984107586341,129.186935356144,58.0,120.0,67.0"
"TOTAL,HVAC,instance_1_5.pddl,True,False,3999.0,1.231017442597389e-27,0.0,0.0,21.0,71.0,26.0"
"NOISE,sailing,40.pddl,True,False,1124.0,930.150775751926,930.150775751913,492.315279274463,10.0,742.0,16.0"
"TOTAL,Baxter,P4_i2.pddl,True,False,156.0,3.901975383918451e-26,0.0,0.0,63.0,13.0,4.0"
"TOTAL,counters,rnd_instance_20_1.pddl,True,False,1067.0,8.595490053046365e-27,0.0,0.0,21.0,253.0,268.0"
"PARTIAL,Linear-Car,0.5.pddl,True,False,147.0,0.09020445926013453,0.0902044592601345,6418.66891209076,7.0,39.0,16.0"
"NOISE,fo_counters,20.pddl,True,False,149.0,353.51591458826437,353.515914588264,590.012273218112,6.0,9.0,10.0"
"TOTAL,rover,pfile7.pddl,True,False,704.0,0.0,0.0,0.0,324.0,42.0,39.0"
"PARTIAL,Solar-Rover,0.pddl,True,False,100.0,0.0,0.0,23570.0,20.0,60.0,2.0"
"NOISE,UTC,50.pddl,False,False,0.0,32635.026063964382,-1,-1,2661.0,30.0,349.0"
"TOTAL,Linear-Car-2,p04.pddl,True,False,104.0,0.0,0.0,0.0,8.0,57.0,20.0"
"PARTIAL,mprime,0.75.pddl,True,False,1707.0,1.1093356479670479e-29,0.0,6782.0,308.0,149.0,63.0"
"NOISE,drone,50.pddl,False,False,0.0,7561.863972340485,-1,-1,19.0,5.0,16.0"
"PARTIAL,Linear-Car-2,0.pddl,False,False,0.0,0.0,-1,-1,7.0,55.0,19.0"
"PARTIAL,watering,0.5.pddl,False,False,0.0,0.5437948069454794,-1,-1,32.0,422.0,152.0"
"TOTAL,sailing,instance_2_1_1229.pddl,True,False,113.0,1.6879202554826756e-25,0.0,0.0,6.0,174.0,4.0"
"TOTAL,fo-sailing,instance_4_3_1229.pddl,True,False,863.0,1.9063440072247954e-25,0.0,0.0,19.0,313.0,18.0"
"PARTIAL,delivery,0.75.pddl,True,False,552.0,1.2986812663308107,1.29868126633081,19.712710631155,173.0,48.0,11.0"
"PARTIAL,watering,0.5.pddl,False,False,0.0,8.79856368479864,-1,-1,38.0,572.0,259.0"
"NOISE,UTC,35.pddl,False,False,0.0,10863.797266535003,-1,-1,2661.0,30.0,349.0"
"PARTIAL,fo_counters,0.75.pddl,True,False,740.0,0.3798495539186048,0.379849553918604,7.62654518244902,12.0,74.0,72.0"
"TOTAL,counters,rnd_instance_28_1.pddl,True,False,4138.0,0.4661146252008208,0.466114625200634,0.466114625200634,29.0,487.0,512.0"
"TOTAL,farmland,instance_2_700_1229.pddl,True,False,590.0,6.039716305598372e-25,0.0,0.0,7.0,398.0,401.0"
"TOTAL,fo-sailing,instance_1_2_1229.pddl,True,False,569.0,1.7811044499119076e-25,0.0,0.0,8.0,410.0,9.0"
"TOTAL,sailing,instance_2_8_1229.pddl,True,False,2446.0,5.272330782667321e-25,0.0,0.0,20.0,891.0,32.0"
"TOTAL,counters,fz_instance_12.pddl,True,False,214.0,4.543838814073028e-28,0.0,0.0,13.0,76.0,82.0"
"NOISE,zenotravel,45.pddl,True,False,162.0,2.1231781304104446e-22,0.0,10841.0,31.0,11.0,3.0"
"PARTIAL,Linear-Car-2,0.pddl,False,False,0.0,0.0,-1,-1,7.0,58.0,12.0"
"PARTIAL,fo-sailing,0.25.pddl,False,False,0.0,6.788806329475614e-07,-1,-1,6.0,294.0,5.0"
"PARTIAL,drone,0.75.pddl,False,False,0.0,0.051260670473205754,-1,-1,19.0,5.0,16.0"
"TOTAL,farmland,instance_2_300_1229.pddl,True,False,302.0,8.985618748533088e-26,0.0,0.0,7.0,169.0,172.0"
"TOTAL,Linear-Car-2,p16.pddl,True,False,162.0,0.0,0.0,0.0,8.0,70.0,19.0"
"NOISE,hydropower,20.pddl,True,False,2392.0,172.22613328922398,172.226133289271,3765.782859245,4059.0,17.0,4.0"
"NOISE,Descent,20.pddl,True,False,572.0,494.4584956969272,494.458495696926,598.188312631828,17.0,15.0,19.0"
"TOTAL,UTC,problem_easy_revised.pddl,True,False,18921.0,0.31930857039886384,0.319308570398864,0.319308570398864,2661.0,18.0,229.0"
"PARTIAL,drone,0.25.pddl,False,False,0.0,0.37877617654127665,-1,-1,119.0,77.0,157.0"
"PARTIAL,HVAC,0.pddl,False,False,0.0,0.0,-1,-1,18.0,56.0,22.0"
"PARTIAL,counters,0.pddl,True,False,787.0,0.0,0.0,24138.6375107857,13.0,76.0,82.0"
"TOTAL,Linear-Car,instance_2_30.0_0.1_10.0.pddl,True,False,104.0,0.0,0.0,0.0,8.0,40.0,12.0"
"NOISE,Baxter,10.pddl,True,False,107.0,1.313647683912418e-25,0.0,358.0,63.0,5.0,2.0"
"TOTAL,fo_counters,instance_18.pddl,True,False,5583.0,1.0223637331664313e-27,0.0,0.0,38.0,376.0,369.0"
"PARTIAL,fo-sailing,0.25.pddl,True,False,443.0,0.785183956946468,0.785183956946468,156640.713292537,9.0,274.0,5.0"
"PARTIAL,Solar-Rover,0.25.pddl,True,False,148.0,0.0,0.0,18709.0,20.0,110.0,2.0"
"PARTIAL,hydropower,0.5.pddl,True,False,10675.0,0.22579803989953653,0.225798039899538,896648.401676853,4059.0,68.0,17.0"
"NOISE,UTC,15.pddl,False,False,0.0,1689.6192362515476,-1,-1,2661.0,30.0,349.0"
"NOISE,Linear-Car,1.pddl,False,False,0.0,0.1208443622668236,-1,-1,8.0,8.0,8.0"
"PARTIAL,Linear-Car,0.25.pddl,False,False,0.0,0.0,-1,-1,7.0,43.0,9.0"
"PARTIAL,delivery,0.pddl,True,False,92.0,0.0,0.0,18364.7830688337,72.0,10.0,4.0"
"PARTIAL,hydropower,0.25.pddl,True,False,7093.0,7.317719367543223e-05,7.31771936752078e-05,943926.048007439,4059.0,57.0,12.0"
"TOTAL,fo_counters,instance_8.pddl,True,False,556.0,0.0,0.0,0.0,18.0,98.0,105.0"
"TOTAL,mprime,pfile20.pddl,False,False,0.0,-1,-1,-1,-1,-1,-1"
"PARTIAL,Linear-Car-2,0.5.pddl,True,False,132.0,0.016147159831222918,0.016147159831223,1467.80631251335,7.0,55.0,19.0"
"PARTIAL,drone,0.25.pddl,False,False,0.0,0.03195198488412825,-1,-1,19.0,5.0,16.0"
"TOTAL,farmland,instance_6_500_1229.pddl,True,False,1005.0,0.0,0.0,0.0,43.0,285.0,291.0"
"PARTIAL,fo-sailing,0.25.pddl,False,False,0.0,0.000188888920742776,-1,-1,8.0,410.0,9.0"
"NOISE,farmland,1.pddl,True,False,227.0,8.985618748533088e-26,0.0,0.0,7.0,169.0,172.0"
"PARTIAL,hydropower,0.25.pddl,True,False,8321.0,0.0483637389166799,0.0483637389166798,885903.515126312,4059.0,68.0,17.0"
"TOTAL,Linear-Car-2,p02.pddl,True,False,120.0,0.0,0.0,0.0,8.0,58.0,12.0"
"PARTIAL,watering,0.75.pddl,False,False,0.0,111.31360722880412,-1,-1,38.0,572.0,259.0"
"TOTAL,watering,instance_10_17_2_1.pddl,False,False,0.0,67.71312370493514,-1,-1,68.0,1285.0,375.0"
"TOTAL,Linear-Car,instance_0_30.0_0.1_10.0.pddl,True,False,77.0,0.0,0.0,0.0,8.0,8.0,8.0"
"NOISE,watering,25.pddl,False,False,0.0,5995.829378601345,-1,-1,32.0,326.0,112.0"
"TOTAL,mprime,pfile28.pddl,True,False,840.0,2.2107826868818856e-28,0.0,0.0,78.0,186.0,77.0"
"PARTIAL,hydropower,0.pddl,True,False,7111.0,0.0,0.0,897497.56161117,4059.0,57.0,12.0"
"PARTIAL,rover,0.75.pddl,True,False,693.0,0.0,0.0,0.0,185.0,85.0,71.0"
"TOTAL,HVAC,instance_1_2.pddl,True,False,931.0,8.302761027451149e-29,0.0,0.0,12.0,27.0,11.0"
"NOISE,farmland,5.pddl,True,False,304.0,6.958463158864023e-26,0.0,18.0,7.0,169.0,172.0"
"PARTIAL,fo-sailing,0.5.pddl,True,False,6224.0,0.11806037807963336,0.118060378079632,162086.321634356,12.0,1453.0,17.0"
"TOTAL,sugar,pfile09.pddl,True,False,1304.0,3.984733647497636e-28,0.0,0.0,181.0,53.0,44.0"
"TOTAL,zenotravel,pfile21.pddl,True,False,102318.0,1.8794248190874205e-24,0.0,0.0,1681.0,99.0,54.0"
"NOISE,Solar-Rover,35.pddl,True,False,120.0,25.143945232254268,25.1439452322545,1706.2380568615,20.0,60.0,2.0"
"PARTIAL,Linear-Car,0.pddl,True,False,148.0,0.0,0.0,15527.6245178005,7.0,40.0,12.0"
"PARTIAL,mprime,0.5.pddl,True,False,294.0,2.2186712959340957e-29,0.0,8282.0,70.0,75.0,49.0"
"PARTIAL,Linear-Car-2,0.5.pddl,False,False,0.0,0.004432378665551491,-1,-1,7.0,57.0,20.0"
"PARTIAL,delivery,0.25.pddl,True,False,146.0,9.27490964479956e-08,9.27490964479956e-08,21088.3499944399,72.0,10.0,4.0"
"PARTIAL,farmland,0.pddl,True,False,3496.0,0.0,0.0,121888.583861158,7.0,398.0,401.0"
"TOTAL,sugar,pfile17.pddl,True,False,1301.0,4.2066007770910455e-28,0.0,0.0,181.0,51.0,29.0"
"NOISE,fo_counters,40.pddl,True,False,145.0,736.688039946976,736.688039946977,2518.03581242636,6.0,9.0,10.0"
"PARTIAL,HVAC,0.75.pddl,False,False,0.0,77.73705049126414,-1,-1,18.0,56.0,22.0"
"PARTIAL,Baxter,0.pddl,True,False,59.0,0.0,0.0,231766.932379843,63.0,13.0,4.0"
"TOTAL,Baxter,P4_i3.pddl,True,False,97.0,1.4682938421497155e-25,0.0,0.0,63.0,7.0,3.0"
"TOTAL,Baxter,P4_i1.pddl,True,False,100.0,2.2946810824992207e-25,0.0,0.0,63.0,5.0,2.0"
"PARTIAL,fo-sailing,0.75.pddl,True,False,429.0,0.0030026512535011956,0.00300265125350346,1.00772675556289,9.0,274.0,5.0"
"PARTIAL,UTC,0.75.pddl,False,False,0.0,1.159545942942258,-1,-1,2655.0,30.0,349.0"
"TOTAL,zenotravel,pfile10.pddl,True,False,1005.0,1.2418328296759787e-21,0.0,0.0,123.0,52.0,28.0"
"TOTAL,fo-sailing,instance_5_4_1229.pddl,True,False,3422.0,4.398688407512362e-27,0.0,0.0,24.0,693.0,30.0"
"TOTAL,sailing,instance_1_6_1229.pddl,True,False,1218.0,3.7882526781318207e-25,0.0,0.0,14.0,744.0,24.0"
"PARTIAL,fo-farmland,0.25.pddl,True,False,665.0,4.5604366250101684e-05,4.56043662501017e-05,21001.7450480851,9.0,59.0,61.0"
"PARTIAL,fo-sailing,0.25.pddl,True,False,6331.0,0.05024131490027848,0.0502413149002811,364187.203284526,12.0,1453.0,17.0"
"NOISE,UTC,20.pddl,False,False,0.0,3187.0102755042303,-1,-1,2661.0,30.0,349.0"
"PARTIAL,farmland,0.75.pddl,True,False,861.0,5.240792781490016e-05,5.24079278149002e-05,32892.6138305634,7.0,169.0,172.0"
"TOTAL,mprime,pfile19.pddl,True,False,5314.0,6.656013887802287e-29,0.0,0.0,690.0,158.0,86.0"
"TOTAL,Baxter,P7_i2.pddl,True,False,341.0,3.15553833103129e-25,0.0,0.0,150.0,29.0,7.0"
"TOTAL,Linear-Car-2,p07.pddl,True,False,105.0,7.730836871165916e-29,0.0,0.0,8.0,56.0,19.0"
"PARTIAL,sailing,0.5.pddl,False,False,0.0,0.004258715597175854,-1,-1,16.0,757.0,28.0"
"PARTIAL,rover,0.25.pddl,True,False,65.0,0.0,0.0,529.0,105.0,11.0,10.0"
"NOISE,watering,5.pddl,False,False,0.0,153.01201243181472,-1,-1,32.0,326.0,112.0"
"PARTIAL,drone,0.pddl,False,False,0.0,0.0,-1,-1,19.0,5.0,16.0"
"NOISE,fo-sailing,25.pddl,False,False,0.0,274.4255076098113,-1,-1,6.0,294.0,5.0"
"PARTIAL,farmland,0.25.pddl,True,False,363.0,3.3864168973292704e-17,3.38641689732927e-17,16944.8777486117,21.0,115.0,119.0"
"PARTIAL,watering,0.pddl,False,False,0.0,0.0,-1,-1,50.0,756.0,276.0"
"PARTIAL,hydropower,0.5.pddl,True,False,7361.0,0.0022934644337957453,0.00229346443379501,713042.336749708,4059.0,57.0,12.0"
"NOISE,fo-sailing,50.pddl,True,False,280.0,697.9220918747579,697.922091874758,2326.25041886288,6.0,294.0,5.0"
"TOTAL,counters,rnd_instance_36_2.pddl,False,False,0.0,2.9925279087961383,-1,-1,37.0,867.0,893.0"
"TOTAL,HVAC,instance_1_1.pddl,True,False,174.0,4.4373425918681914e-29,0.0,0.0,9.0,14.0,6.0"
"TOTAL,sugar,pfile20.pddl,True,False,1301.0,3.873800082700931e-28,0.0,0.0,181.0,67.0,58.0"
"PARTIAL,Linear-Car,0.75.pddl,False,False,0.0,0.007350258402115909,-1,-1,8.0,43.0,9.0"
"PARTIAL,Linear-Car-2,0.75.pddl,True,False,122.0,0.4238543480120224,0.423854348012022,8279.99435779045,8.0,57.0,20.0"
"TOTAL,sugar,pfile18.pddl,True,False,1199.0,4.260341926259227e-28,0.0,0.0,181.0,62.0,39.0"
"TOTAL,zenotravel,pfile11.pddl,True,False,829.0,4.6938527931543e-22,0.0,0.0,136.0,20.0,12.0"
"NOISE,Linear-Car,40.pddl,False,False,0.0,1285.4292107554652,-1,-1,8.0,8.0,8.0"
"TOTAL,delivery,prob08.pddl,True,False,867.0,2.875397999530588e-28,0.0,0.0,239.0,84.0,18.0"
"NOISE,Descent,30.pddl,True,False,440.0,808.1421047481512,808.142104748151,2258.5890949853,17.0,15.0,19.0"
"TOTAL,watering,instance_13_9_2_1.pddl,False,False,0.0,219.4431114984203,-1,-1,44.0,564.0,228.0"
"PARTIAL,fo-sailing,0.75.pddl,False,False,0.0,0.0004886079128172323,-1,-1,8.0,410.0,9.0"
"NOISE,Solar-Rover,15.pddl,True,False,98.0,0.5982383995536965,0.59823839955361,365.513509741982,20.0,60.0,2.0"
"TOTAL,hydropower,pfile24.pddl,True,False,23616.0,4.5115078429106106e-27,0.0,0.0,4059.0,130.0,130.0"
"PARTIAL,Descent,0.5.pddl,True,False,1427.0,0.04382154152214778,0.0438215415222288,25009895.7829126,17.0,30.0,40.0"
"TOTAL,Linear-Car,instance_7_30.0_0.1_10.0.pddl,True,False,92.0,7.730836871165916e-29,0.0,0.0,8.0,40.0,15.0"
"PARTIAL,fo-sailing,0.5.pddl,True,False,345.0,0.0002452888882851403,0.000245288888278149,94.3868528248019,9.0,274.0,5.0"
"PARTIAL,sugar,0.75.pddl,False,False,0.0,0.049957639916690576,-1,-1,180.0,54.0,41.0"
"PARTIAL,rover,0.5.pddl,True,False,67.0,0.0,0.0,1521.0,112.0,12.0,10.0"
"NOISE,fo-sailing,15.pddl,True,False,279.0,166.65360296065913,166.653602960659,163.829564322567,6.0,294.0,5.0"
"PARTIAL,fo-sailing,0.pddl,False,False,0.0,0.0,-1,-1,12.0,1453.0,17.0"
"PARTIAL,Descent,0.pddl,False,False,0.0,0.0,-1,-1,17.0,15.0,19.0"
"TOTAL,rover,pfile10.pddl,True,False,1154.0,0.0,0.0,0.0,595.0,55.0,51.0"
"NOISE,Linear-Car,35.pddl,False,False,0.0,392.206508607986,-1,-1,8.0,8.0,8.0"
"NOISE,fo-sailing,45.pddl,True,False,314.0,1685.586675490771,1685.58667549077,1200.49966033503,6.0,294.0,5.0"
"TOTAL,drone,problem_2_8_3.pddl,True,False,6577.0,2.6278682386142074e-27,0.0,0.0,203.0,155.0,221.0"
"TOTAL,sugar,pfile13.pddl,True,False,1338.0,3.984733647497636e-28,0.0,0.0,181.0,65.0,58.0"
"PARTIAL,expedition,0.25.pddl,True,False,1650.0,0.8272068776731605,0.82720687767316,152789.498028613,74.0,308.0,150.0"
"NOISE,expedition,45.pddl,True,False,525.0,74.91389312021248,74.9138931202125,5376.26856034663,58.0,120.0,67.0"
"TOTAL,Descent,prob_earth20.pddl,True,False,1422.0,1.207520214737727e-25,0.0,0.0,17.0,45.0,67.0"
"PARTIAL,drone,0.5.pddl,False,False,0.0,0.06800363424826439,-1,-1,43.0,23.0,63.0"
"PARTIAL,Linear-Car,0.25.pddl,False,False,0.0,0.0,-1,-1,7.0,8.0,8.0"
"PARTIAL,Baxter,0.75.pddl,True,False,103.0,1.4670214883956844e-25,0.0,13878.96,63.0,7.0,3.0"
"TOTAL,Descent,prob_earth03.pddl,True,False,668.0,2.1060820895910357e-25,0.0,0.0,17.0,23.0,32.0"
"PARTIAL,HVAC,0.75.pddl,False,False,0.0,0.01108807389625901,-1,-1,12.0,27.0,11.0"
"TOTAL,zenotravel,pfile17.pddl,True,False,20966.0,1.8861045071470486e-21,0.0,0.0,787.0,80.0,50.0"
"TOTAL,sugar,pfile08.pddl,True,False,1274.0,3.984733647497636e-28,0.0,0.0,180.0,60.0,56.0"
"TOTAL,Baxter,P4_i4.pddl,True,False,113.0,1.4349510595013342e-25,0.0,0.0,63.0,6.0,2.0"
"NOISE,hydropower,40.pddl,True,False,2781.0,1309.383161544951,1309.38316154495,17775.9373552798,4059.0,17.0,4.0"
"TOTAL,farmland,instance_8_200_1229.pddl,True,False,469.0,0.0,0.0,0.0,73.0,91.0,99.0"
"NOISE,Linear-Car,20.pddl,False,False,0.0,181.44940391402034,-1,-1,8.0,8.0,8.0"
"NOISE,sailing,10.pddl,False,False,0.0,0.1881701627310117,-1,-1,10.0,742.0,16.0"
"NOISE,rover,45.pddl,True,False,75.0,361.00496345653397,361.004963456536,1522.03255949472,105.0,11.0,10.0"
"TOTAL,rover,pfile1.pddl,True,False,70.0,0.0,0.0,0.0,105.0,11.0,10.0"
"TOTAL,Solar-Rover,prob02.pddl,True,False,147.0,0.0,0.0,0.0,20.0,110.0,2.0"
"PARTIAL,counters,0.75.pddl,True,False,3545.0,2.027113921399503,2.02711392139949,2.94524008817788,13.0,180.0,185.0"
"TOTAL,rover,pfile11.pddl,True,False,1875.0,0.0,0.0,0.0,635.0,75.0,70.0"
"TOTAL,zenotravel,pfile8.pddl,True,False,656.0,8.410699196178688e-23,0.0,0.0,107.0,16.0,11.0"
"NOISE,sugar,50.pddl,True,False,1117.0,7340.451009276613,7340.45100927661,30551.7504072863,145.0,30.0,20.0"
"PARTIAL,fo-sailing,0.pddl,True,False,323.0,0.0,0.0,205192.764984892,9.0,274.0,5.0"
"NOISE,hydropower,35.pddl,True,False,2487.0,151.9786362027176,151.978636202716,14053.5476995331,4059.0,17.0,4.0"
"NOISE,Solar-Rover,25.pddl,True,False,109.0,144.69923294130612,144.699232941308,1299.50001147625,20.0,60.0,2.0"
"PARTIAL,delivery,0.75.pddl,True,False,106.0,0.0012457377799412037,0.0012457377799412,8.27807227315037,72.0,10.0,4.0"
"NOISE,fo-sailing,5.pddl,True,False,301.0,1.0859069721200496e-25,0.0,11.0,6.0,294.0,5.0"
"NOISE,rover,5.pddl,True,False,61.0,0.0,0.0,26.0,105.0,11.0,10.0"
"TOTAL,sailing,instance_3_5_1229.pddl,True,False,3343.0,2.557432450760737e-25,0.0,0.0,16.0,888.0,20.0"
"TOTAL,fo_counters,instance_13.pddl,True,False,2059.0,5.33269971929404e-28,0.0,0.0,28.0,302.0,304.0"
"NOISE,fo-farmland,15.pddl,True,False,391.0,130.12055207106505,130.120552071065,88.1539230745857,9.0,59.0,61.0"
"NOISE,expedition,1.pddl,True,False,443.0,3.3011974541023523,3.30119745410237,2.04046579368371,58.0,120.0,67.0"
"PARTIAL,watering,0.5.pddl,False,False,0.0,0.2570536237210342,-1,-1,32.0,326.0,112.0"
"PARTIAL,Baxter,0.5.pddl,True,False,136.0,0.0050654049678164155,0.00506540496786368,96616.9460578594,63.0,12.0,4.0"
"NOISE,UTC,25.pddl,False,False,0.0,4561.569473211576,-1,-1,2661.0,30.0,349.0"
"PARTIAL,fo-farmland,0.75.pddl,True,False,3325.0,0.4843872674525738,0.484387267452574,25273.4059721383,23.0,419.0,421.0"
"NOISE,fo-sailing,10.pddl,True,False,371.0,245.00486907160644,245.004869071604,8.01817443037681,6.0,294.0,5.0"
"TOTAL,hydropower,pfile13.pddl,True,False,15293.0,2.276812809839213e-27,0.0,0.0,4059.0,98.0,63.0"
"PARTIAL,farmland,0.75.pddl,True,False,657.0,6.039716305598372e-25,0.0,5041.0,7.0,398.0,401.0"
"PARTIAL,Linear-Car-2,0.25.pddl,False,False,0.0,0.035448458655039934,-1,-1,7.0,57.0,20.0"
"TOTAL,HVAC,instance_1_3.pddl,True,False,1692.0,1.1923632582415593e-27,0.0,0.0,15.0,41.0,15.0"
"NOISE,Descent,1.pddl,True,False,307.0,0.33082313993299195,0.330823139932967,5.92423218734076,17.0,15.0,19.0"
"PARTIAL,sugar,0.5.pddl,False,False,0.0,0.09704702762216576,-1,-1,180.0,54.0,41.0"
"PARTIAL,HVAC,0.pddl,False,False,0.0,0.0,-1,-1,21.0,71.0,26.0"
"TOTAL,fo-sailing,instance_1_4_1229.pddl,True,False,6033.0,2.16513981120338e-25,0.0,0.0,12.0,1453.0,17.0"
"TOTAL,watering,instance_10_7_2_1.pddl,False,False,0.0,99.96907574141395,-1,-1,38.0,572.0,259.0"
"PARTIAL,Solar-Rover,0.25.pddl,True,False,103.0,0.0,0.0,16501.0,20.0,60.0,2.0"
"NOISE,sugar,1.pddl,False,False,0.0,0.5156718189076299,-1,-1,145.0,30.0,20.0"
"PARTIAL,UTC,0.25.pddl,False,False,0.0,0.0740973996478789,-1,-1,2644.0,30.0,349.0"
"PARTIAL,fo-sailing,0.5.pddl,False,False,0.0,9.670590598606294e-07,-1,-1,6.0,294.0,5.0"
"PARTIAL,sugar,0.75.pddl,True,False,520.0,2.2142339533422275e-28,0.0,7995.0,145.0,30.0,20.0"
"PARTIAL,mprime,0.25.pddl,True,False,260.0,0.4611734650725486,0.461173465072548,8438.57031363534,70.0,75.0,49.0"
"PARTIAL,UTC,0.75.pddl,False,False,0.0,4.242179947786603,-1,-1,842.0,194.0,661.0"
"PARTIAL,sailing,0.5.pddl,True,False,1399.0,0.008479901715202992,0.00847990171513475,279.153626371213,12.0,743.0,20.0"
"TOTAL,drone,problem_8_1_2.pddl,True,False,1466.0,5.044025931789726e-28,0.0,0.0,75.0,47.0,113.0"
"PARTIAL,delivery,0.75.pddl,True,False,253.0,0.14537332430837294,0.145373324308373,7882.97683572333,112.0,36.0,8.0"
"TOTAL,Linear-Car-2,p01.pddl,True,False,152.0,0.0,0.0,0.0,8.0,75.0,9.0"
"PARTIAL,Linear-Car-2,0.25.pddl,False,False,0.0,0.0,-1,-1,7.0,75.0,9.0"
"TOTAL,counters,rnd_instance_32_1.pddl,True,False,8091.0,0.5058157861741249,0.505815786174118,0.505815786174118,33.0,655.0,684.0"
"NOISE,sugar,30.pddl,True,False,826.0,1062.191681952141,1062.19168195214,13955.8626279477,145.0,30.0,20.0"
"TOTAL,rover,pfile16.pddl,True,False,8168.0,0.0,0.0,0.0,1181.0,122.0,113.0"
"PARTIAL,Solar-Rover,0.75.pddl,True,False,125.0,0.0,0.0,13877.0,20.0,110.0,2.0"
"TOTAL,sailing,instance_4_10_1229.pddl,True,False,2265.0,8.441090868669565e-25,0.0,0.0,28.0,547.0,40.0"
"PARTIAL,sailing,0.25.pddl,False,False,0.0,0.03212019800101603,-1,-1,22.0,771.0,40.0"
"NOISE,Linear-Car-2,50.pddl,False,False,0.0,1335.8040196773966,-1,-1,8.0,75.0,9.0"
"PARTIAL,rover,0.pddl,True,False,584.0,0.0,0.0,99.1560308457505,185.0,85.0,71.0"
"PARTIAL,expedition,0.pddl,True,False,2596.0,0.0,0.0,805873.899941272,74.0,308.0,150.0"
"NOISE,Linear-Car-2,5.pddl,False,False,0.0,16.763372470895845,-1,-1,8.0,75.0,9.0"
"NOISE,Solar-Rover,5.pddl,True,False,105.0,0.5912412486765293,0.59124124867647,39.5079156689958,20.0,60.0,2.0"
"NOISE,Solar-Rover,10.pddl,True,False,113.0,112.67746043607366,112.677460436072,134.514359073681,20.0,60.0,2.0"
"TOTAL,fo-sailing,instance_2_2_1229.pddl,True,False,725.0,1.7814909917554659e-25,0.0,0.0,11.0,334.0,14.0"
"TOTAL,zenotravel,pfile5.pddl,True,False,390.0,2.667103836876493e-23,0.0,0.0,61.0,12.0,4.0"
"PARTIAL,rover,0.25.pddl,True,False,563.0,0.0,0.0,2116.0,185.0,85.0,71.0"
"TOTAL,Linear-Car-2,p08.pddl,True,False,148.0,0.0,0.0,0.0,8.0,55.0,20.0"
"PARTIAL,hydropower,0.25.pddl,True,False,4850.0,0.045045077917977024,0.045045077917977,582834.067015811,4059.0,37.0,4.0"
"TOTAL,hydropower,pfile20.pddl,True,False,14058.0,2.2458623452609325e-27,0.0,0.0,4059.0,115.0,102.0"
"PARTIAL,watering,0.25.pddl,False,False,0.0,39.50058465796978,-1,-1,68.0,1285.0,375.0"
"PARTIAL,fo-farmland,0.pddl,True,False,454.0,0.0,0.0,32170.1825154194,9.0,59.0,61.0"
"NOISE,sugar,45.pddl,True,False,984.0,2844.6168412815537,2844.61684128155,28250.2548900363,145.0,30.0,20.0"
"TOTAL,fo_counters,instance_12.pddl,True,False,1041.0,4.543838814073028e-28,0.0,0.0,26.0,178.0,183.0"
"PARTIAL,Descent,0.25.pddl,False,False,0.0,105.952107934244,-1,-1,17.0,30.0,40.0"
"PARTIAL,UTC,0.75.pddl,True,False,32935.0,2.317556750730487,2.31755675073044,97102951.926854,842.0,115.0,554.0"
"PARTIAL,delivery,0.5.pddl,True,False,544.0,0.05848694027490849,0.0584869402749085,16154.0362290994,173.0,48.0,11.0"
"PARTIAL,counters,0.5.pddl,True,False,170.0,0.026832462753086754,0.0268324627530868,2826.00007775133,5.0,6.0,9.0"
"PARTIAL,fo_counters,0.75.pddl,False,False,0.0,0.40493170916475096,-1,-1,14.0,95.0,91.0"
"PARTIAL,rover,0.75.pddl,True,False,68.0,0.0,0.0,0.0,105.0,11.0,10.0"
"NOISE,Baxter,50.pddl,True,False,131.0,1736.5830463314792,1736.58304633148,7244.36890467555,63.0,5.0,2.0"
"PARTIAL,Solar-Rover,0.pddl,True,False,151.0,0.0,0.0,26131.0,20.0,110.0,2.0"
"TOTAL,fo-sailing,instance_5_3_1229.pddl,True,False,2826.0,3.9040726199387874e-27,0.0,0.0,22.0,644.0,19.0"
"NOISE,fo-sailing,40.pddl,True,False,364.0,1084.8773554795455,1084.87735547955,1512.99732898297,6.0,294.0,5.0"
"TOTAL,fo_counters,instance_4.pddl,True,False,116.0,0.0,0.0,0.0,10.0,29.0,32.0"
"NOISE,Linear-Car-2,35.pddl,False,False,0.0,1644.2395803268155,-1,-1,8.0,75.0,9.0"
"PARTIAL,delivery,0.pddl,True,False,169.0,0.0,0.0,12652.7074330789,92.0,26.0,7.0"
"PARTIAL,UTC,0.25.pddl,False,False,0.0,1.162628652678961,-1,-1,842.0,86.0,412.0"
"TOTAL,counters,rnd_instance_24_1.pddl,True,False,1907.0,1.7907709542292596e-26,0.0,0.0,25.0,298.0,321.0"
"PARTIAL,counters,0.pddl,True,False,203.0,0.0,0.0,10053.8174573745,5.0,12.0,15.0"
"PARTIAL,Linear-Car,0.pddl,False,False,0.0,0.0,-1,-1,7.0,43.0,9.0"
"TOTAL,Linear-Car-2,p14.pddl,True,False,157.0,0.0,0.0,0.0,8.0,73.0,11.0"
"PARTIAL,zenotravel,0.25.pddl,True,False,190.0,0.00025931025716467856,0.000259310257395073,4824056.31017076,31.0,6.0,4.0"
"PARTIAL,Descent,0.75.pddl,True,False,399.0,0.01608304246693612,0.0160830424669504,940.306485199788,17.0,15.0,19.0"
"TOTAL,zenotravel,pfile13.pddl,True,False,995.0,1.7406786159738937e-22,0.0,0.0,163.0,36.0,19.0"
"PARTIAL,delivery,0.pddl,True,False,452.0,0.0,0.0,28668.0422023801,173.0,48.0,11.0"
"PARTIAL,Linear-Car-2,0.pddl,False,False,0.0,0.0,-1,-1,7.0,57.0,20.0"
"PARTIAL,delivery,0.25.pddl,True,False,480.0,8.797937977086613e-05,8.79793797708661e-05,7239.99594197866,173.0,48.0,11.0"
"NOISE,fo_counters,50.pddl,True,False,180.0,4093.405720162196,4093.4057201622,888.971221504829,6.0,9.0,10.0"
"NOISE,counters,25.pddl,True,False,94.0,438.8003534528986,438.800353452899,807.552907834807,5.0,6.0,9.0"
"PARTIAL,HVAC,0.5.pddl,False,False,0.0,26.55169627828737,-1,-1,15.0,41.0,15.0"
"TOTAL,Linear-Car-2,p03.pddl,True,False,106.0,2.2186712959340957e-29,0.0,0.0,8.0,53.0,15.0"
"PARTIAL,Baxter,0.5.pddl,True,False,107.0,3.897241939164968e-06,3.89724193913815e-06,101130.654542996,63.0,13.0,4.0"
"PARTIAL,fo-sailing,0.5.pddl,False,False,0.0,0.014103244510417771,-1,-1,10.0,468.0,17.0"
"PARTIAL,drone,0.25.pddl,False,False,0.0,0.057613328241970775,-1,-1,27.0,11.0,32.0"
"TOTAL,farmland,instance_8_400_1229.pddl,True,False,791.0,0.0,0.0,0.0,73.0,179.0,186.0"
"NOISE,Baxter,1.pddl,True,False,102.0,1.8868154498324484e-25,0.0,5.0,63.0,5.0,2.0"
"TOTAL,hydropower,pfile23.pddl,True,False,29320.0,2.232439383920531e-27,0.0,0.0,4059.0,199.0,162.0"
"PARTIAL,fo-farmland,0.75.pddl,True,False,2043.0,8.985618748533088e-26,0.0,0.0,23.0,489.0,456.0"
"NOISE,sugar,35.pddl,True,False,1105.0,4235.116812320368,4235.11681232037,21882.7262095688,145.0,30.0,20.0"
"TOTAL,Linear-Car-2,p19.pddl,True,False,165.0,7.730836871165916e-29,0.0,0.0,8.0,73.0,23.0"
"PARTIAL,sugar,0.pddl,False,False,0.0,0.0,-1,-1,180.0,54.0,41.0"
"PARTIAL,HVAC,0.pddl,False,False,0.0,0.0,-1,-1,12.0,27.0,11.0"
"NOISE,Linear-Car,15.pddl,False,False,0.0,264.4915290857688,-1,-1,8.0,8.0,8.0"
"NOISE,fo-farmland,10.pddl,True,False,447.0,31.60697783687498,31.606977836875,62.5884320476476,9.0,59.0,61.0"
"NOISE,Solar-Rover,30.pddl,True,False,121.0,2.1356905242758317e-26,0.0,2520.0,20.0,60.0,2.0"
"PARTIAL,HVAC,0.25.pddl,True,False,968.0,3.2820810469693367e-10,3.28208104713024e-10,387098.666038141,9.0,14.0,6.0"
"TOTAL,Descent,prob_earth08.pddl,True,False,1270.0,1.207520214737727e-25,0.0,0.0,17.0,32.0,50.0"
"TOTAL,fo-sailing,instance_3_1_1229.pddl,True,False,395.0,1.6883067973262339e-25,0.0,0.0,12.0,188.0,12.0"
"NOISE,HVAC,15.pddl,False,False,0.0,201.87659792339346,-1,-1,9.0,14.0,6.0"
"NOISE,sugar,15.pddl,True,False,1045.0,574.0081973395949,574.008197339595,2914.63885531446,145.0,30.0,20.0"
"TOTAL,fo-sailing,instance_2_4_1229.pddl,True,False,6537.0,2.16513981120338e-25,0.0,0.0,15.0,1088.0,22.0"
"PARTIAL,zenotravel,0.pddl,True,False,110.0,0.0,0.0,39090658.9433278,61.0,12.0,4.0"
"PARTIAL,drone,0.pddl,False,False,0.0,0.0,-1,-1,27.0,11.0,32.0"
"TOTAL,fo-farmland,instance_8_500_1229.pddl,True,False,7679.0,0.0,0.0,0.0,75.0,547.0,554.0"
"PARTIAL,Baxter,0.75.pddl,True,False,110.0,4.657685785173753e-25,0.0,82885.21,63.0,12.0,4.0"
"TOTAL,rover,pfile12.pddl,True,False,1759.0,0.0,0.0,0.0,662.0,61.0,60.0"
"TOTAL,fo-sailing,instance_1_1_1229.pddl,True,False,372.0,1.6875337136391173e-25,0.0,0.0,6.0,294.0,5.0"
"TOTAL,Descent,prob_earth18.pddl,True,False,1911.0,2.676661354389851e-24,0.0,0.0,17.0,50.0,67.0"
"PARTIAL,mprime,0.5.pddl,True,False,1527.0,0.3479393459137464,0.347939345913746,11633.021268132,308.0,149.0,63.0"
"PARTIAL,sugar,0.75.pddl,True,False,1658.0,1.4418848359385963,1.44188483593859,9531.26077899661,180.0,75.0,84.0"
"PARTIAL,Solar-Rover,0.5.pddl,True,False,406.0,0.0,0.0,13069.0,20.0,210.0,2.0"
"NOISE,mprime,10.pddl,True,False,269.0,92.66306919577475,92.6630691957748,201.026347622335,70.0,75.0,49.0"
"PARTIAL,farmland,0.5.pddl,True,False,1890.0,0.03261267971117648,0.0326126797111765,106191.725744637,7.0,398.0,401.0"
"PARTIAL,mprime,0.5.pddl,True,False,778.0,0.0,0.0,30779.0,231.0,88.0,30.0"
"NOISE,Solar-Rover,45.pddl,True,False,159.0,2048.0051494600602,2048.00514946007,3643.64881156847,20.0,60.0,2.0"
"NOISE,fo-farmland,25.pddl,True,False,342.0,228.82677309144202,228.826773091442,1180.84115925516,9.0,59.0,61.0"
"PARTIAL,Linear-Car,0.25.pddl,True,False,168.0,3.564783962632962e-06,3.56478396263296e-06,99806.4950295356,7.0,37.0,15.0"
"NOISE,fo_counters,15.pddl,True,False,94.0,1.4733210000166803e-28,0.0,337.0,6.0,9.0,10.0"
"NOISE,Solar-Rover,1.pddl,True,False,98.0,4.339055453458311e-27,0.0,3.0,20.0,60.0,2.0"
"NOISE,HVAC,40.pddl,False,False,0.0,5131.389336539429,-1,-1,9.0,14.0,6.0"
"PARTIAL,sugar,0.25.pddl,False,False,0.0,0.08283425237014856,-1,-1,180.0,75.0,84.0"
"PARTIAL,HVAC,0.75.pddl,False,False,0.0,0.055572803735991695,-1,-1,9.0,14.0,6.0"
"TOTAL,expedition,pfile11.pddl,True,False,497.0,0.0,0.0,0.0,58.0,120.0,67.0"
"NOISE,zenotravel,20.pddl,True,False,252.0,10.456609128918464,10.4566091289186,1762.42843532683,31.0,11.0,3.0"
"NOISE,sugar,40.pddl,True,False,1112.0,2305.5488140185416,2305.54881401854,21211.5145376895,145.0,30.0,20.0"
"NOISE,Baxter,45.pddl,True,False,111.0,1311.1678672874648,1311.16786728746,5431.19697899541,63.0,5.0,2.0"
"NOISE,delivery,50.pddl,True,False,115.0,1587.0921159418904,1587.09211594189,7274.77362273934,72.0,10.0,4.0"
"TOTAL,Linear-Car,instance_6_30.0_0.1_10.0.pddl,True,False,113.0,2.875397999530588e-28,0.0,0.0,8.0,40.0,15.0"
"TOTAL,Baxter,P7_i4.pddl,True,False,254.0,2.455123955835834e-25,0.0,0.0,150.0,24.0,7.0"
"NOISE,UTC,1.pddl,False,False,0.0,4.344384365445111,-1,-1,2661.0,30.0,349.0"
"PARTIAL,zenotravel,0.5.pddl,True,False,293.0,0.8844210665797191,0.884421066579348,12452977.3109823,61.0,12.0,4.0"
"NOISE,mprime,20.pddl,True,False,340.0,275.0566474330251,275.056647433025,338.217462617203,70.0,75.0,49.0"
"PARTIAL,HVAC,0.pddl,False,False,0.0,0.0,-1,-1,15.0,41.0,15.0"
"TOTAL,sailing,instance_1_4_1229.pddl,True,False,1251.0,2.16513981120338e-25,0.0,0.0,10.0,742.0,16.0"
"NOISE,drone,5.pddl,False,False,0.0,61.71289821097168,-1,-1,19.0,5.0,16.0"
"PARTIAL,fo-farmland,0.25.pddl,True,False,4839.0,0.19545022727071387,0.195450227270998,18098.4129760662,23.0,489.0,456.0"
"PARTIAL,drone,0.75.pddl,False,False,0.0,0.20005373458044357,-1,-1,119.0,77.0,157.0"
"PARTIAL,Descent,0.pddl,False,False,0.0,0.0,-1,-1,17.0,23.0,32.0"
"TOTAL,HVAC,instance_1_4.pddl,True,False,3342.0,1.191204618787016e-27,0.0,0.0,18.0,56.0,22.0"
"PARTIAL,delivery,0.5.pddl,True,False,172.0,0.0,0.0,13360.0,112.0,36.0,8.0"
"TOTAL,delivery,prob03.pddl,True,False,285.0,0.0,0.0,0.0,112.0,36.0,8.0"
"NOISE,drone,15.pddl,False,False,0.0,573.9205577343915,-1,-1,19.0,5.0,16.0"
"NOISE,sugar,10.pddl,True,False,982.0,198.9171504678626,198.917150467863,1221.26743656011,145.0,30.0,20.0"
"TOTAL,Linear-Car-2,p24.pddl,True,False,166.0,2.2186712959340957e-27,0.0,0.0,8.0,73.0,24.0"
"PARTIAL,HVAC,0.25.pddl,False,False,0.0,0.06615369160262569,-1,-1,15.0,41.0,15.0"
"PARTIAL,Linear-Car-2,0.pddl,False,False,0.0,0.0,-1,-1,7.0,53.0,15.0"
"NOISE,mprime,25.pddl,True,False,532.0,1383.1958145667993,1383.1958145668,822.278881477726,70.0,75.0,49.0"
"PARTIAL,sugar,0.75.pddl,False,False,0.0,0.19995753520036721,-1,-1,180.0,63.0,44.0"
"PARTIAL,Baxter,0.pddl,True,False,72.0,0.0,0.0,131826.97,63.0,7.0,3.0"
"PARTIAL,Solar-Rover,0.75.pddl,True,False,408.0,0.0,0.0,1600.0,20.0,210.0,2.0"
"TOTAL,Baxter,P7_i1.pddl,True,False,280.0,3.468670717621912e-25,0.0,0.0,150.0,24.0,9.0"
"TOTAL,drone,problem_2_9_1.pddl,True,False,1787.0,4.868750899410932e-28,0.0,0.0,83.0,70.0,125.0"
"NOISE,Linear-Car,5.pddl,False,False,0.0,28.091313623631805,-1,-1,8.0,8.0,8.0"
"PARTIAL,sailing,0.pddl,True,False,1550.0,0.0,0.0,8491.93114317936,14.0,744.0,24.0"
"PARTIAL,drone,0.75.pddl,False,False,0.0,0.09113421850097363,-1,-1,43.0,23.0,63.0"
"PARTIAL,fo_counters,0.pddl,True,False,348.0,0.0,0.0,16593.7394945912,8.0,48.0,46.0"
"PARTIAL,Descent,0.5.pddl,False,False,0.0,96.05420804713815,-1,-1,17.0,20.0,27.0"
"NOISE,sailing,15.pddl,True,False,1253.0,162.01621637317254,162.016216373172,135.393544222887,10.0,742.0,16.0"
"NOISE,mprime,50.pddl,True,False,482.0,2114.498934968323,2114.49893496832,1891.41278406187,70.0,75.0,49.0"
"NOISE,fo-sailing,1.pddl,True,False,290.0,1.0239389794534661,1.02393897945346,0.993161976259725,6.0,294.0,5.0"
"PARTIAL,farmland,0.5.pddl,True,False,347.0,8.985618748533088e-26,0.0,0.0,7.0,169.0,172.0"
"TOTAL,sailing,instance_2_10_1229.pddl,True,False,3161.0,8.440704326826006e-25,0.0,0.0,24.0,896.0,40.0"
"TOTAL,fo_counters,instance_7.pddl,True,False,605.0,3.865418435582958e-29,0.0,0.0,16.0,124.0,113.0"
"PARTIAL,fo-farmland,0.pddl,True,False,10800.0,0.0,0.0,17766.588452495,23.0,489.0,456.0"
"NOISE,counters,35.pddl,False,False,0.0,1105.4286238758993,-1,-1,5.0,6.0,9.0"
"PARTIAL,hydropower,0.75.pddl,True,False,7170.0,1.396444039612564e-27,0.0,16572.0,4059.0,57.0,12.0"
"PARTIAL,Descent,0.25.pddl,False,False,0.0,2428.618095799275,-1,-1,17.0,32.0,43.0"
"PARTIAL,farmland,0.pddl,True,False,1054.0,0.0,0.0,31719.0221974053,21.0,172.0,176.0"
"NOISE,fo-farmland,35.pddl,True,False,551.0,964.6393493122569,964.639349312257,1026.55890950337,9.0,59.0,61.0"
"NOISE,fo_counters,10.pddl,True,False,88.0,16.1883964949957,16.1883964949957,254.85478797852,6.0,9.0,10.0"
"PARTIAL,zenotravel,0.75.pddl,True,False,309.0,1.520730946309594e-23,0.0,1368892.0,61.0,12.0,4.0"
"PARTIAL,sailing,0.5.pddl,True,False,3472.0,0.034345460867384915,0.0343454608674085,335.702385643673,22.0,771.0,40.0"
"TOTAL,counters,fz_instance_4.pddl,True,False,73.0,0.0,0.0,0.0,5.0,6.0,9.0"
"PARTIAL,hydropower,0.pddl,True,False,5223.0,0.0,0.0,607534.010652286,4059.0,37.0,4.0"
"TOTAL,Linear-Car-2,p17.pddl,True,False,166.0,0.0,0.0,0.0,8.0,75.0,23.0"
"TOTAL,Linear-Car,instance_1_30.0_0.1_10.0.pddl,True,False,74.0,0.0,0.0,0.0,8.0,43.0,9.0"
"TOTAL,fo_counters,instance_2.pddl,True,False,81.0,0.0,0.0,0.0,6.0,9.0,10.0"
"TOTAL,farmland,instance_6_100_1229.pddl,True,False,211.0,0.0,0.0,0.0,43.0,56.0,62.0"
"NOISE,drone,45.pddl,False,False,0.0,8144.1015161760015,-1,-1,19.0,5.0,16.0"
"NOISE,fo-farmland,20.pddl,True,False,451.0,134.30521512354295,134.305215123543,23.2876755394462,9.0,59.0,61.0"
"TOTAL,hydropower,pfile06.pddl,True,False,8923.0,2.2435327404002017e-27,0.0,0.0,4059.0,68.0,17.0"
"PARTIAL,Linear-Car-2,0.5.pddl,False,False,0.0,0.003260702261194266,-1,-1,8.0,75.0,9.0"
"NOISE,Linear-Car-2,15.pddl,False,False,0.0,115.73324108929008,-1,-1,8.0,75.0,9.0"
"TOTAL,Solar-Rover,prob04.pddl,True,False,440.0,0.0,0.0,0.0,20.0,210.0,2.0"
"PARTIAL,zenotravel,0.75.pddl,True,False,186.0,1.508698063147819e-22,0.0,1115793.0,31.0,11.0,3.0"
"TOTAL,Linear-Car,instance_4_30.0_0.1_10.0.pddl,True,False,110.0,0.0,0.0,0.0,8.0,39.0,16.0"
"PARTIAL,Linear-Car,0.5.pddl,False,False,0.0,0.0018151009769007973,-1,-1,7.0,8.0,8.0"
"NOISE,Descent,15.pddl,True,False,504.0,256.19027518429374,256.190275184293,501.877523446968,17.0,15.0,19.0"
"NOISE,delivery,45.pddl,True,False,152.0,21.57150590973211,21.5715059097322,4525.2471920533,72.0,10.0,4.0"
"TOTAL,fo-farmland,instance_6_800_1229.pddl,True,False,46633.0,0.0,0.0,0.0,45.0,2031.0,2035.0"
"TOTAL,counters,rnd_instance_40_1.pddl,False,False,0.0,3.3578531277318344,-1,-1,41.0,968.0,1007.0"
"PARTIAL,fo_counters,0.25.pddl,True,False,94.0,0.00017228678680261507,0.000172286786802615,9181.7776137913,6.0,9.0,10.0"
"PARTIAL,Baxter,0.25.pddl,True,False,109.0,0.04665056742998258,0.0466505674300743,144774.167620133,63.0,13.0,4.0"
"NOISE,UTC,40.pddl,False,False,0.0,14207.73612657497,-1,-1,2661.0,30.0,349.0"
"PARTIAL,delivery,0.25.pddl,True,False,281.0,0.029441559841969358,0.0294415598419694,44933.4041748673,112.0,36.0,8.0"
"TOTAL,fo-sailing,instance_2_3_1229.pddl,True,False,6935.0,1.9063440072247954e-25,0.0,0.0,13.0,873.0,22.0"
"PARTIAL,mprime,0.pddl,True,False,801.0,0.0,0.0,23613.0,198.0,121.0,62.0"
"TOTAL,HVAC,instance_1_18.pddl,True,False,64730.0,6.866077686101327e-26,0.0,0.0,60.0,227.0,69.0"
"TOTAL,counters,rnd_instance_12_3.pddl,False,False,0.0,0.8737606181284834,-1,-1,13.0,97.0,108.0"
"PARTIAL,fo_counters,0.pddl,False,False,0.0,0.0,-1,-1,10.0,29.0,32.0"
"PARTIAL,Linear-Car,0.75.pddl,True,False,98.0,1.1093356479670479e-29,0.0,5041.0,7.0,37.0,15.0"
"NOISE,expedition,40.pddl,True,False,694.0,3303.3290155845716,3303.32901558457,2267.24805453956,58.0,120.0,67.0"
"NOISE,hydropower,50.pddl,True,False,2970.0,4.8989112704888275e-26,0.0,25191.0,4059.0,17.0,4.0"
"NOISE,mprime,30.pddl,True,False,488.0,974.0696069006439,974.069606900644,638.215048635787,70.0,75.0,49.0"
"NOISE,Descent,25.pddl,True,False,602.0,158.59814252948655,158.598142529486,1823.34503145983,17.0,15.0,19.0"
"TOTAL,Baxter,P6_i1.pddl,True,False,147.0,4.718531914855397e-25,0.0,0.0,117.0,9.0,5.0"
"PARTIAL,sugar,0.pddl,True,False,285.0,0.0,0.0,38794.0,145.0,30.0,20.0"
"NOISE,Linear-Car-2,10.pddl,True,False,181.0,63.881801407071286,63.8818014070713,191.002097273641,8.0,75.0,9.0"
"PARTIAL,fo_counters,0.pddl,True,False,953.0,0.0,0.0,13063.3856546874,14.0,95.0,91.0"
"PARTIAL,fo-farmland,0.5.pddl,True,False,324.0,0.0,0.0,2304.0,9.0,59.0,61.0"
"PARTIAL,Linear-Car-2,0.5.pddl,False,False,0.0,0.06906377168947155,-1,-1,7.0,58.0,12.0"
"TOTAL,fo-farmland,instance_8_600_1229.pddl,True,False,57768.0,1.437698999765294e-24,0.0,0.0,75.0,1668.0,1674.0"
"PARTIAL,zenotravel,0.5.pddl,True,False,401.0,0.0004681416746768756,0.000468141674804283,19584352.0712374,53.0,11.0,7.0"
"PARTIAL,drone,0.pddl,False,False,0.0,0.0,-1,-1,43.0,23.0,63.0"
"TOTAL,hydropower,pfile27.pddl,True,False,32693.0,2.232439383920531e-27,0.0,0.0,4059.0,218.0,193.0"
"PARTIAL,fo_counters,0.75.pddl,False,False,0.0,0.002507387775209205,-1,-1,6.0,9.0,10.0"
"PARTIAL,fo_counters,0.5.pddl,False,False,0.0,0.2884974842670479,-1,-1,8.0,48.0,46.0"
"TOTAL,hydropower,pfile14.pddl,True,False,18631.0,2.488030317212139e-27,0.0,0.0,4059.0,115.0,74.0"
"PARTIAL,HVAC,0.5.pddl,True,False,4950.0,0.004906294084546378,0.00490629408454637,65569.0773202991,12.0,27.0,11.0"
"PARTIAL,Descent,0.25.pddl,False,False,0.0,2386.9691469090885,-1,-1,17.0,20.0,27.0"
"PARTIAL,sugar,0.5.pddl,False,False,0.0,0.15311104552187457,-1,-1,181.0,91.0,74.0"
"TOTAL,counters,inv_instance_36.pddl,True,False,34016.0,2.1386329276920124,2.13863292769182,2.13863292769182,37.0,1118.0,1134.0"
"NOISE,rover,30.pddl,True,False,74.0,676.2299812320471,676.229981232048,361.991171306978,105.0,11.0,10.0"
"PARTIAL,Baxter,0.5.pddl,True,False,73.0,2.187218900115941e-25,0.0,55166.07,63.0,5.0,2.0"
"PARTIAL,fo-farmland,0.pddl,True,False,4290.0,0.0,0.0,6331.75669642042,23.0,419.0,421.0"
"NOISE,zenotravel,15.pddl,True,False,129.0,1.3187688407192157e-23,0.0,1447.0,31.0,11.0,3.0"
"TOTAL,farmland,instance_6_600_1229.pddl,True,False,1307.0,1.437698999765294e-24,0.0,0.0,43.0,342.0,348.0"
"PARTIAL,watering,0.pddl,False,False,0.0,0.0,-1,-1,68.0,1285.0,375.0"
"PARTIAL,watering,0.5.pddl,False,False,0.0,46.55135549732059,-1,-1,68.0,1285.0,375.0"
"PARTIAL,Solar-Rover,0.pddl,True,False,309.0,0.0,0.0,31443.0,20.0,210.0,2.0"
"NOISE,Solar-Rover,50.pddl,True,False,87.0,7.006625582318095e-27,0.0,3759.0,20.0,60.0,2.0"
"NOISE,fo-farmland,5.pddl,True,False,532.0,17.615494388178835,17.6154943881789,10.2019320996779,9.0,59.0,61.0"
"NOISE,watering,1.pddl,False,False,0.0,2.3553854064590634,-1,-1,32.0,326.0,112.0"
"NOISE,delivery,30.pddl,True,False,119.0,608.380992191857,608.380992191857,1825.78362017833,72.0,10.0,4.0"
"NOISE,fo_counters,25.pddl,True,False,186.0,1282.8554203791095,1282.85542037911,464.156373919775,6.0,9.0,10.0"
"PARTIAL,UTC,0.25.pddl,True,False,41581.0,0.1580515828780447,0.158051582878037,199110287.545097,842.0,69.0,369.0"
"NOISE,UTC,10.pddl,False,False,0.0,503.79240974100804,-1,-1,2661.0,30.0,349.0"
"PARTIAL,Linear-Car-2,0.75.pddl,True,False,151.0,0.03466902619818633,0.0346690261981879,1084.46984835617,8.0,53.0,15.0"
"TOTAL,sailing,instance_3_4_1229.pddl,True,False,1507.0,2.16513981120338e-25,0.0,0.0,14.0,593.0,16.0"
"NOISE,HVAC,1.pddl,False,False,0.0,0.36373907285937646,-1,-1,9.0,14.0,6.0"
"PARTIAL,fo-sailing,0.5.pddl,True,False,546.0,1.6480682998043497,1.64806829980435,207819.101723305,8.0,410.0,9.0"
"TOTAL,hydropower,pfile08.pddl,True,False,6163.0,2.232439383920531e-27,0.0,0.0,4059.0,49.0,17.0"
"TOTAL,fo-farmland,instance_10_200_1229.pddl,True,False,2836.0,0.0,0.0,0.0,113.0,329.0,323.0"
"NOISE,delivery,15.pddl,True,False,116.0,241.36360319734476,241.363603197345,341.017895271794,72.0,10.0,4.0"
"NOISE,zenotravel,10.pddl,True,False,192.0,2.298013549342205e-22,0.0,425.0,31.0,11.0,3.0"
"PARTIAL,sailing,0.25.pddl,False,False,0.0,0.003453261902667395,-1,-1,14.0,744.0,24.0"
"NOISE,Baxter,25.pddl,True,False,109.0,87.23483308881178,87.2348330888118,1761.83971585159,63.0,5.0,2.0"
"PARTIAL,watering,0.pddl,False,False,0.0,0.0,-1,-1,32.0,422.0,152.0"
"TOTAL,watering,instance_11_17_2_1.pddl,False,False,0.0,1.6976923622848967,-1,-1,68.0,1154.0,290.0"
"PARTIAL,UTC,0.5.pddl,False,False,0.0,0.6791596975570251,-1,-1,842.0,115.0,554.0"
"NOISE,Linear-Car-2,30.pddl,True,False,213.0,1181.1301705284916,1181.13017052849,1303.14679522273,8.0,75.0,9.0"
"TOTAL,Linear-Car,instance_3_30.0_0.1_10.0.pddl,True,False,86.0,2.2186712959340957e-29,0.0,0.0,8.0,37.0,15.0"
"PARTIAL,fo-sailing,0.pddl,False,False,0.0,0.0,-1,-1,10.0,468.0,17.0"
"TOTAL,fo-farmland,instance_4_800_1229.pddl,True,False,61296.0,0.0,0.0,0.0,23.0,2368.0,2366.0"
"NOISE,farmland,15.pddl,True,False,311.0,94.34303243088709,94.3430324308875,280.845308569363,7.0,169.0,172.0"
"TOTAL,fo-sailing,instance_3_3_1229.pddl,True,False,1219.0,1.9063440072247954e-25,0.0,0.0,16.0,423.0,19.0"
"NOISE,rover,40.pddl,True,False,71.0,1.6578466591043547e-26,0.0,1690.0,105.0,11.0,10.0"
"NOISE,rover,15.pddl,True,False,69.0,6.632397364452233e-27,0.0,85.0,105.0,11.0,10.0"
"PARTIAL,farmland,0.75.pddl,True,False,329.0,8.985618748533088e-26,0.0,9360.0,21.0,172.0,176.0"
"PARTIAL,mprime,0.75.pddl,True,False,234.0,1.1093356479670479e-29,0.0,4145.0,70.0,75.0,49.0"
"PARTIAL,rover,0.25.pddl,True,False,412.0,0.07056124359269762,0.0705612435926986,10.3611162524001,185.0,46.0,43.0"
"TOTAL,zenotravel,pfile1.pddl,True,False,171.0,1.5677033777720012e-22,0.0,0.0,31.0,11.0,3.0"
"PARTIAL,mprime,0.pddl,True,False,597.0,0.0,0.0,39426.0,231.0,88.0,30.0"
"NOISE,zenotravel,25.pddl,True,False,258.0,86.89637229873284,86.8963722987325,3116.96974150972,31.0,11.0,3.0"
"PARTIAL,delivery,0.5.pddl,False,False,0.0,0.005297949031181894,-1,-1,72.0,10.0,4.0"
"TOTAL,fo_counters,instance_6.pddl,True,False,300.0,2.8398992587956425e-29,0.0,0.0,14.0,95.0,91.0"
"TOTAL,fo-farmland,instance_6_100_1229.pddl,True,False,749.0,0.0,0.0,0.0,45.0,193.0,192.0"
"PARTIAL,drone,0.75.pddl,False,False,0.0,0.46004821878595425,-1,-1,171.0,119.0,185.0"
"TOTAL,Descent,prob_earth16.pddl,True,False,1674.0,1.207520214737727e-25,0.0,0.0,17.0,45.0,67.0"
"PARTIAL,UTC,0.pddl,False,False,0.0,0.0,-1,-1,842.0,194.0,661.0"
"PARTIAL,Linear-Car,0.75.pddl,False,False,0.0,0.6204881127314453,-1,-1,8.0,8.0,8.0"
"NOISE,delivery,5.pddl,True,False,100.0,1.777200999457669,1.77720099945767,62.6595213119548,72.0,10.0,4.0"
"TOTAL,Linear-Car-2,p06.pddl,True,False,101.0,2.875397999530588e-28,0.0,0.0,8.0,56.0,19.0"
"NOISE,Linear-Car-2,20.pddl,False,False,0.0,343.62655442036896,-1,-1,8.0,75.0,9.0"
"TOTAL,fo-farmland,instance_6_600_1229.pddl,True,False,26297.0,1.437698999765294e-24,0.0,0.0,45.0,1587.0,1592.0"
"NOISE,Linear-Car-2,25.pddl,False,False,0.0,1009.1507459070517,-1,-1,8.0,75.0,9.0"
"TOTAL,Baxter,P6_i3.pddl,True,False,195.0,9.85074884120417e-25,0.0,0.0,117.0,19.0,8.0"
"TOTAL,HVAC,instance_1_10.pddl,True,False,29015.0,2.9534755076248377e-26,0.0,0.0,36.0,129.0,41.0"
"NOISE,fo-farmland,1.pddl,True,False,279.0,0.4579387562852479,0.457938756285262,2.0794641955759,9.0,59.0,61.0"
"TOTAL,counters,inv_instance_16.pddl,False,False,0.0,0.4429478607675939,-1,-1,17.0,265.0,279.0"
"PARTIAL,fo-farmland,0.25.pddl,True,False,1450.0,0.0,0.0,35759.1159076663,9.0,303.0,247.0"
"NOISE,delivery,40.pddl,True,False,113.0,5.342858413314255,5.34285841331424,2689.07327895375,72.0,10.0,4.0"
"NOISE,zenotravel,5.pddl,True,False,147.0,1.324764228356133,1.32476422835616,145.346554651961,31.0,11.0,3.0"
"TOTAL,hydropower,pfile01.pddl,True,False,2331.0,2.232439383920531e-27,0.0,0.0,4059.0,17.0,4.0"
"PARTIAL,Descent,0.pddl,False,False,0.0,0.0,-1,-1,17.0,30.0,40.0"
"PARTIAL,UTC,0.5.pddl,False,False,0.0,0.6759140007565917,-1,-1,2653.0,30.0,349.0"
"PARTIAL,fo-farmland,0.5.pddl,True,False,1473.0,0.0,0.0,8193.0,23.0,419.0,421.0"
"TOTAL,hydropower,pfile05.pddl,True,False,6562.0,2.2435327404002017e-27,0.0,0.0,4059.0,57.0,12.0"
"TOTAL,sugar,pfile04.pddl,True,False,1077.0,3.5409993883108167e-28,0.0,0.0,180.0,54.0,41.0"
"NOISE,Descent,35.pddl,True,False,434.0,1619.8129378115957,1619.8129378116,3902.676284668,17.0,15.0,19.0"
"TOTAL,watering,instance_13_15_2_1.pddl,False,False,0.0,11.187257619852288,-1,-1,62.0,1536.0,316.0"
"PARTIAL,fo_counters,0.pddl,True,False,645.0,0.0,0.0,12714.1308134807,12.0,74.0,72.0"
"PARTIAL,watering,0.75.pddl,False,False,0.0,7.599229627944672,-1,-1,50.0,756.0,276.0"
"PARTIAL,UTC,0.5.pddl,True,False,31132.0,1.512697940734561,1.51269794073456,198725881.795907,842.0,194.0,661.0"
"NOISE,sailing,50.pddl,True,False,1000.0,1391.707001151093,1391.70700115109,456.801195878769,10.0,742.0,16.0"
"PARTIAL,Descent,0.pddl,False,False,0.0,0.0,-1,-1,17.0,32.0,43.0"
"TOTAL,fo-farmland,instance_4_1000_1229.pddl,True,False,9748.0,0.0,0.0,0.0,23.0,1021.0,1024.0"
"PARTIAL,zenotravel,0.25.pddl,True,False,246.0,0.002536359522460624,0.00253635952259606,127993163.634782,48.0,7.0,3.0"
"PARTIAL,counters,0.75.pddl,True,False,218.0,0.05889408966895955,0.0588940896689596,4262.64366393308,5.0,6.0,9.0"
"PARTIAL,sugar,0.5.pddl,False,False,0.0,0.15374313815239055,-1,-1,180.0,75.0,84.0"
"TOTAL,counters,rnd_instance_4_1.pddl,True,False,76.0,0.5246351338835435,0.524635133883551,0.524635133883551,5.0,6.0,9.0"
"NOISE,watering,40.pddl,False,False,0.0,8441.043710523603,-1,-1,32.0,326.0,112.0"
"PARTIAL,drone,0.pddl,False,False,0.0,0.0,-1,-1,171.0,119.0,185.0"
"NOISE,Descent,10.pddl,True,False,392.0,16.394358480719305,16.3943584807196,216.805973984605,17.0,15.0,19.0"
"NOISE,farmland,25.pddl,True,False,343.0,1.169675618607403e-25,0.0,194.0,7.0,169.0,172.0"
"TOTAL,counters,fz_instance_40.pddl,True,False,12250.0,0.26554978047001504,0.265549780470011,0.265549780470011,41.0,818.0,834.0"
"TOTAL,HVAC,instance_1_12.pddl,True,False,32371.0,3.241330851939985e-26,0.0,0.0,42.0,156.0,51.0"
"PARTIAL,fo_counters,0.5.pddl,True,False,254.0,0.09202668183100472,0.0920266818310047,2548.83920405975,10.0,29.0,32.0"
"PARTIAL,rover,0.75.pddl,True,False,70.0,0.0,0.0,0.0,112.0,12.0,10.0"
"TOTAL,HVAC,instance_1_14.pddl,True,False,38885.0,3.8230812568758777e-26,0.0,0.0,48.0,180.0,57.0"
"NOISE,Descent,45.pddl,True,False,386.0,18.431637183344645,18.4316371833446,5857.87340186533,17.0,15.0,19.0"
"NOISE,UTC,30.pddl,False,False,0.0,6898.84121767755,-1,-1,2661.0,30.0,349.0"
"PARTIAL,rover,0.pddl,True,False,65.0,0.0,0.0,36.0,112.0,12.0,10.0"
"NOISE,fo_counters,5.pddl,True,False,94.0,12.251579534380834,12.2515795343808,49.8812619921635,6.0,9.0,10.0"
"PARTIAL,rover,0.5.pddl,True,False,410.0,0.0,0.0,0.0,185.0,46.0,43.0"
"TOTAL,delivery,prob02.pddl,True,False,226.0,0.0,0.0,0.0,92.0,26.0,7.0"
"TOTAL,fo-farmland,instance_2_200_1229.pddl,True,False,349.0,0.0,0.0,0.0,9.0,59.0,61.0"
"NOISE,hydropower,30.pddl,True,False,2350.0,1420.452112205443,1420.45211220545,8957.49214883035,4059.0,17.0,4.0"
"PARTIAL,UTC,0.5.pddl,False,False,0.0,0.5069655107473917,-1,-1,842.0,69.0,369.0"
"TOTAL,fo-sailing,instance_2_1_1229.pddl,True,False,374.0,1.6879202554826756e-25,0.0,0.0,9.0,274.0,5.0"
"TOTAL,sugar,pfile14.pddl,True,False,1835.0,4.428467906684455e-28,0.0,0.0,181.0,80.0,76.0"
"PARTIAL,fo-farmland,0.25.pddl,False,False,0.0,0.052190968224357336,-1,-1,23.0,419.0,421.0"
"TOTAL,hydropower,pfile22.pddl,True,False,24571.0,2.5172181707053164e-27,0.0,0.0,4059.0,135.0,121.0"
"TOTAL,fo-farmland,instance_8_400_1229.pddl,True,False,14481.0,0.0,0.0,0.0,75.0,907.0,891.0"
"TOTAL,sugar,pfile02.pddl,True,False,1358.0,2.990768906919161e-28,0.0,0.0,180.0,75.0,84.0"
"TOTAL,fo-farmland,instance_10_100_1229.pddl,True,False,2354.0,0.0,0.0,0.0,113.0,246.0,240.0"
"PARTIAL,Solar-Rover,0.pddl,True,False,199.0,0.0,0.0,41521.0,20.0,160.0,2.0"
"PARTIAL,fo_counters,0.5.pddl,True,False,677.0,10.648971508094636,10.6489715080946,6162.44964847581,12.0,74.0,72.0"
"NOISE,rover,20.pddl,True,False,77.0,25.19340226238432,25.1934022623849,9.96168781823898,105.0,11.0,10.0"
"TOTAL,fo-farmland,instance_2_400_1229.pddl,True,False,437.0,0.0,0.0,0.0,9.0,303.0,247.0"
"TOTAL,UTC,problem_3.pddl,True,False,22745.0,4.404490373443695,4.40449037344363,4.40449037344362,842.0,194.0,661.0"
"PARTIAL,Baxter,0.75.pddl,True,False,94.0,1.4348176421681436e-25,0.0,1082.41,63.0,6.0,2.0"
"TOTAL,Linear-Car,instance_5_30.0_0.1_10.0.pddl,True,False,89.0,0.0,0.0,0.0,8.0,40.0,15.0"
"PARTIAL,mprime,0.5.pddl,True,False,823.0,1.1093356479670479e-29,0.0,23162.0,198.0,121.0,62.0"
"PARTIAL,Baxter,0.5.pddl,True,False,85.0,8.893906272730157e-27,0.0,78653.02,63.0,7.0,3.0"
"PARTIAL,watering,0.75.pddl,False,False,0.0,0.5347437484147658,-1,-1,32.0,326.0,112.0"
"TOTAL,hydropower,pfile07.pddl,True,False,6656.0,2.232439383920531e-27,0.0,0.0,4059.0,50.0,18.0"
"TOTAL,delivery,prob07.pddl,True,False,969.0,3.319132258717407e-28,0.0,0.0,217.0,102.0,24.0"
"PARTIAL,hydropower,0.5.pddl,True,False,4391.0,3.4245407859670535e-07,3.42454078591712e-07,415906.859533962,4059.0,37.0,4.0"
"PARTIAL,drone,0.pddl,False,False,0.0,0.0,-1,-1,119.0,77.0,157.0"
"PARTIAL,Descent,0.75.pddl,False,False,0.0,4866.383266949189,-1,-1,17.0,30.0,40.0"
"PARTIAL,expedition,0.pddl,True,False,505.0,0.0,0.0,931597.469189218,58.0,120.0,67.0"
"PARTIAL,Linear-Car-2,0.75.pddl,False,False,0.0,0.053452567394941974,-1,-1,8.0,75.0,9.0"
"PARTIAL,drone,0.5.pddl,False,False,0.0,0.2876399077964698,-1,-1,119.0,77.0,157.0"
"NOISE,watering,15.pddl,False,False,0.0,1219.213989370719,-1,-1,32.0,326.0,112.0"
"PARTIAL,fo-sailing,0.75.pddl,True,False,6105.0,150.8732984681431,150.873298468142,730.904025023519,12.0,1453.0,17.0"
"TOTAL,sailing,instance_1_5_1229.pddl,True,False,1048.0,2.557432450760737e-25,0.0,0.0,12.0,743.0,20.0"
"PARTIAL,fo-sailing,0.pddl,True,False,380.0,0.0,0.0,201440.125613004,6.0,294.0,5.0"
"TOTAL,fo_counters,instance_19.pddl,True,False,6477.0,2.8477878678478526e-28,0.0,0.0,40.0,377.0,382.0"
"TOTAL,sailing,instance_4_5_1229.pddl,True,False,1456.0,2.557432450760737e-25,0.0,0.0,18.0,519.0,20.0"
"PARTIAL,fo-farmland,0.75.pddl,True,False,466.0,0.0,0.0,0.0,9.0,303.0,247.0"
"PARTIAL,zenotravel,0.25.pddl,True,False,231.0,0.019319975673008607,0.0193199756734421,53837267.992062,31.0,11.0,3.0"
"TOTAL,drone,problem_5_2_2.pddl,True,False,1461.0,1.8676281931107454e-28,0.0,0.0,91.0,56.0,113.0"
"NOISE,fo_counters,35.pddl,True,False,103.0,100.11458310670275,100.114583106703,749.985811775283,6.0,9.0,10.0"
"TOTAL,sugar,pfile07.pddl,True,False,914.0,4.095667212294341e-28,0.0,0.0,180.0,42.0,37.0"
"NOISE,fo-farmland,40.pddl,True,False,362.0,1983.1518981235715,1983.15189812357,1413.12251910152,9.0,59.0,61.0"
"PARTIAL,Linear-Car,0.pddl,False,False,0.0,0.0,-1,-1,7.0,39.0,16.0"
"NOISE,drone,20.pddl,False,False,0.0,867.0362693984579,-1,-1,19.0,5.0,16.0"
"TOTAL,zenotravel,pfile16.pddl,True,False,10695.0,9.11028220898528e-22,0.0,0.0,582.0,63.0,42.0"
"NOISE,UTC,5.pddl,False,False,0.0,190.35918259718383,-1,-1,2661.0,30.0,349.0"
"TOTAL,mprime,pfile05.pddl,True,False,429.0,3.3280069439011436e-29,0.0,0.0,288.0,42.0,24.0"
"TOTAL,Descent,prob_earth17.pddl,True,False,1672.0,1.56374021725159e-25,0.0,0.0,17.0,46.0,67.0"
"TOTAL,fo-sailing,instance_4_2_1229.pddl,True,False,371.0,1.7814909917554659e-25,0.0,0.0,17.0,212.0,13.0"
"TOTAL,drone,problem_5_10_1.pddl,True,False,6847.0,1.6045677331228262e-27,0.0,0.0,211.0,169.0,245.0"
"TOTAL,fo_counters,instance_20.pddl,True,False,4043.0,0.0,0.0,0.0,42.0,356.0,350.0"
"TOTAL,delivery,prob06.pddl,True,False,513.0,2.875397999530588e-28,0.0,0.0,195.0,52.0,14.0"
"PARTIAL,farmland,0.25.pddl,True,False,1687.0,0.019341672062461148,0.0193416720624611,2090188.83992961,7.0,341.0,344.0"
"TOTAL,rover,pfile2.pddl,True,False,91.0,0.0,0.0,0.0,112.0,12.0,10.0"
"PARTIAL,Baxter,0.pddl,True,False,83.0,0.0,0.0,286823.858071204,63.0,12.0,4.0"
"TOTAL,Baxter,P6_i5.pddl,True,False,199.0,3.0210628222875485e-25,0.0,0.0,117.0,23.0,5.0"
"TOTAL,Linear-Car-2,p09.pddl,True,False,105.0,1.9968041663406861e-28,0.0,0.0,8.0,55.0,19.0"
"NOISE,hydropower,15.pddl,True,False,2577.0,64.22019876005088,64.2201987600509,2236.02654763524,4059.0,17.0,4.0"
"PARTIAL,farmland,0.25.pddl,True,False,1451.0,0.0,0.0,24832.3025693309,7.0,169.0,172.0"
"TOTAL,Descent,prob_earth10.pddl,True,False,1202.0,1.207520214737727e-25,0.0,0.0,17.0,38.0,56.0"
"NOISE,fo_counters,30.pddl,True,False,84.0,267.6560861745802,267.65608617458,941.448506328371,6.0,9.0,10.0"
"PARTIAL,counters,0.5.pddl,False,False,0.0,0.019638669245238848,-1,-1,13.0,76.0,82.0"
"TOTAL,fo-sailing,instance_4_1_1229.pddl,True,False,378.0,1.6883067973262339e-25,0.0,0.0,15.0,183.0,14.0"
"NOISE,rover,50.pddl,True,False,83.0,81.00142266034497,81.0014226603448,785.179943901141,105.0,11.0,10.0"
"PARTIAL,farmland,0.pddl,True,False,371.0,0.0,0.0,17028.2324098691,21.0,115.0,119.0"
"PARTIAL,Linear-Car-2,0.pddl,False,False,0.0,0.0,-1,-1,7.0,75.0,9.0"
"PARTIAL,Linear-Car,0.25.pddl,False,False,0.0,0.1056893121382637,-1,-1,7.0,40.0,12.0"
"NOISE,drone,35.pddl,False,False,0.0,4319.64486828046,-1,-1,19.0,5.0,16.0"
"NOISE,sailing,35.pddl,False,False,0.0,2436.229503354404,-1,-1,10.0,742.0,16.0"
"TOTAL,zenotravel,pfile15.pddl,True,False,6475.0,7.552902512501241e-22,0.0,0.0,490.0,47.0,24.0"
"PARTIAL,watering,0.pddl,False,False,0.0,0.0,-1,-1,38.0,572.0,259.0"
"TOTAL,fo-sailing,instance_1_3_1229.pddl,True,False,768.0,1.9063440072247954e-25,0.0,0.0,10.0,468.0,17.0"
"PARTIAL,HVAC,0.75.pddl,True,False,2540.0,16.53817431291017,16.5381743129103,24.9122701246826,15.0,41.0,15.0"
"PARTIAL,hydropower,0.75.pddl,True,False,4144.0,1.664989548082098e-27,0.0,931.0,4059.0,37.0,4.0"
"NOISE,Solar-Rover,20.pddl,True,False,145.0,112.67745958118094,112.677459581182,493.503270532242,20.0,60.0,2.0"
"TOTAL,rover,pfile5.pddl,True,False,332.0,0.0,0.0,0.0,185.0,46.0,43.0"
"TOTAL,watering,instance_12_7_2_1.pddl,False,False,0.0,102.31420089466472,-1,-1,38.0,640.0,236.0"
"PARTIAL,hydropower,0.75.pddl,True,False,2341.0,0.007949335608078154,0.0079493356080783,439666.181471383,4059.0,17.0,4.0"
"NOISE,watering,10.pddl,False,False,0.0,740.382206860216,-1,-1,32.0,326.0,112.0"
"TOTAL,farmland,instance_4_300_1229.pddl,True,False,358.0,8.985618748533088e-26,0.0,0.0,21.0,172.0,176.0"
"TOTAL,sugar,pfile15.pddl,True,False,1592.0,3.873800082700931e-28,0.0,0.0,181.0,66.0,57.0"
"NOISE,counters,20.pddl,False,False,0.0,460.17188852649235,-1,-1,5.0,6.0,9.0"
"NOISE,mprime,15.pddl,True,False,268.0,169.1593721142696,169.15937211427,532.268354428421,70.0,75.0,49.0"
"TOTAL,mprime,pfile02.pddl,True,False,1572.0,2.2186712959340957e-29,0.0,0.0,308.0,149.0,63.0"
"NOISE,fo-farmland,45.pddl,True,False,362.0,1853.0559975761942,1853.05599757619,919.179065376797,9.0,59.0,61.0"
"PARTIAL,rover,0.pddl,True,False,68.0,0.0,0.0,0.999407420013475,105.0,11.0,10.0"
"PARTIAL,Linear-Car,0.25.pddl,False,False,0.0,1.0028891758518995e-06,-1,-1,7.0,39.0,16.0"
"TOTAL,mprime,pfile09.pddl,True,False,692.0,1.1093356479670479e-29,0.0,0.0,231.0,88.0,30.0"
"NOISE,zenotravel,40.pddl,True,False,289.0,1399.4530296359153,1399.45302963592,7961.46035974621,31.0,11.0,3.0"
"TOTAL,fo_counters,instance_11.pddl,True,False,1496.0,3.818086781269697e-28,0.0,0.0,24.0,185.0,186.0"
"NOISE,zenotravel,35.pddl,True,False,227.0,98.585663400564,98.5856634005638,7892.42661690126,31.0,11.0,3.0"
"PARTIAL,fo_counters,0.25.pddl,True,False,722.0,0.21804483593682727,0.218044835936827,6449.37744440927,12.0,74.0,72.0"
"PARTIAL,sailing,0.pddl,False,False,0.0,0.0,-1,-1,12.0,743.0,20.0"
"PARTIAL,sailing,0.25.pddl,True,False,1902.0,0.0010927304672367316,0.00109273046722726,1113.07747490792,16.0,757.0,28.0"
"TOTAL,drone,problem_1_8_1.pddl,True,False,427.0,2.913608449627231e-28,0.0,0.0,43.0,23.0,63.0"
"PARTIAL,fo_counters,0.pddl,True,False,92.0,0.0,0.0,5848.28859144388,6.0,9.0,10.0"
"TOTAL,fo-sailing,instance_3_4_1229.pddl,True,False,20912.0,2.16513981120338e-25,0.0,0.0,18.0,1796.0,30.0"
"PARTIAL,sailing,0.75.pddl,True,False,1558.0,0.0832531790019981,0.0832531790018178,159.535829226883,12.0,743.0,20.0"
"TOTAL,farmland,instance_6_900_1229.pddl,True,False,2405.0,8.087056873679779e-25,0.0,0.0,43.0,513.0,520.0"
"TOTAL,Baxter,P5_i3.pddl,True,False,137.0,4.737156372322817e-25,0.0,0.0,88.0,8.0,5.0"
"PARTIAL,HVAC,0.25.pddl,True,False,4451.0,1.5188548951921716e-14,1.51885490295968e-14,13443544.9566349,12.0,27.0,11.0"
"PARTIAL,Solar-Rover,0.5.pddl,True,False,142.0,0.0,0.0,10324.0,20.0,110.0,2.0"
"TOTAL,drone,problem_8_1_4.pddl,True,False,3348.0,2.318486852347842e-27,0.0,0.0,139.0,131.0,173.0"
"TOTAL,Linear-Car-2,p05.pddl,True,False,114.0,0.0,0.0,0.0,8.0,55.0,19.0"
"NOISE,expedition,20.pddl,True,False,483.0,602.4837531297119,602.483753129712,1020.46366200843,58.0,120.0,67.0"
"PARTIAL,Solar-Rover,0.75.pddl,True,False,215.0,0.0,0.0,13456.0,20.0,160.0,2.0"
"PARTIAL,rover,0.5.pddl,True,False,59.0,0.0,0.0,1521.0,105.0,11.0,10.0"
"TOTAL,HVAC,instance_1_8.pddl,True,False,15360.0,1.9550734244544946e-26,0.0,0.0,30.0,110.0,36.0"
"TOTAL,Descent,prob_earth07.pddl,True,False,1300.0,7.247236520336099e-25,0.0,0.0,17.0,33.0,48.0"
"NOISE,delivery,35.pddl,True,False,113.0,3.504674808815718e-27,0.0,4146.0,72.0,10.0,4.0"
"TOTAL,sailing,instance_4_2_1229.pddl,True,False,189.0,1.7814909917554659e-25,0.0,0.0,12.0,193.0,8.0"
"NOISE,HVAC,10.pddl,False,False,0.0,29.812778450788553,-1,-1,9.0,14.0,6.0"
"NOISE,drone,30.pddl,False,False,0.0,2673.096668089395,-1,-1,19.0,5.0,16.0"
"PARTIAL,fo_counters,0.25.pddl,False,False,0.0,0.2388040644483197,-1,-1,8.0,48.0,46.0"
"PARTIAL,Descent,0.75.pddl,False,False,0.0,0.1050339107968228,-1,-1,17.0,32.0,43.0"
"NOISE,HVAC,25.pddl,False,False,0.0,1110.8975916529005,-1,-1,9.0,14.0,6.0"
"PARTIAL,HVAC,0.75.pddl,False,False,0.0,0.0007179759124675581,-1,-1,21.0,71.0,26.0"
"TOTAL,fo-sailing,instance_5_2_1229.pddl,True,False,2455.0,7.730836871165916e-29,0.0,0.0,20.0,550.0,16.0"
"TOTAL,sugar,pfile01.pddl,True,False,674.0,2.7689017773257514e-28,0.0,0.0,145.0,30.0,20.0"
"TOTAL,Descent,prob_earth11.pddl,True,False,1188.0,1.3566642296310745e-25,0.0,0.0,17.0,36.0,56.0"
"PARTIAL,delivery,0.75.pddl,True,False,134.0,0.0,0.0,3443.0,92.0,26.0,7.0"
"PARTIAL,sugar,0.pddl,False,False,0.0,0.0,-1,-1,180.0,75.0,84.0"
"PARTIAL,Descent,0.5.pddl,False,False,0.0,0.003919178865061207,-1,-1,17.0,23.0,32.0"
"NOISE,fo-farmland,50.pddl,True,False,391.0,462.50498154748203,462.504981547484,819.673035067235,9.0,59.0,61.0"
"PARTIAL,fo-sailing,0.75.pddl,True,False,1074.0,0.0009433374507972177,0.000943337450801374,2.71513303387769,10.0,468.0,17.0"
"PARTIAL,Linear-Car-2,0.25.pddl,True,False,91.0,0.014432388830332333,0.0144323888303323,10884.9868015469,7.0,58.0,12.0"
"TOTAL,mprime,pfile16.pddl,True,False,2385.0,4.4373425918681914e-29,0.0,0.0,378.0,150.0,83.0"
"TOTAL,delivery,prob04.pddl,True,False,349.0,0.0,0.0,0.0,173.0,48.0,11.0"
"PARTIAL,sugar,0.25.pddl,True,False,412.0,2.1033003885455227e-28,0.0,36868.0,145.0,30.0,20.0"
"PARTIAL,sailing,0.75.pddl,True,False,2790.0,0.03392066486980789,0.0339206648698269,700.895752643065,22.0,771.0,40.0"
"TOTAL,drone,problem_6_8_1.pddl,True,False,8618.0,3.762669302677921e-27,0.0,0.0,203.0,156.0,233.0"
"PARTIAL,delivery,0.25.pddl,True,False,147.0,0.004179546371577431,0.00417954637157743,25018.749839858,92.0,26.0,7.0"
"PARTIAL,Linear-Car,0.5.pddl,False,False,0.0,0.03087135695394666,-1,-1,7.0,43.0,9.0"
"TOTAL,sugar,pfile19.pddl,True,False,1411.0,3.715386952171237e-27,0.0,0.0,181.0,97.0,93.0"
"NOISE,hydropower,10.pddl,True,False,2478.0,41.24240919049811,41.2424091904981,930.907923402426,4059.0,17.0,4.0"
"PARTIAL,expedition,0.5.pddl,True,False,1394.0,0.0,0.0,11046.0,74.0,308.0,150.0"
"NOISE,HVAC,50.pddl,False,False,0.0,555.2026546729011,-1,-1,9.0,14.0,6.0"
"PARTIAL,sailing,0.pddl,True,False,1080.0,0.0,0.0,3153.52302723316,10.0,742.0,16.0"
"PARTIAL,Descent,0.5.pddl,True,False,2838.0,96.06760033409975,96.0676003340995,100153880.235829,17.0,32.0,43.0"
"PARTIAL,counters,0.pddl,False,False,0.0,0.0,-1,-1,13.0,180.0,185.0"
"TOTAL,drone,problem_1_1_2.pddl,True,False,138.0,1.9968041663406861e-28,0.0,0.0,19.0,5.0,16.0"
"NOISE,Linear-Car,10.pddl,False,False,0.0,20.401986675831687,-1,-1,8.0,8.0,8.0"
"TOTAL,rover,pfile8.pddl,True,False,935.0,0.0,0.0,0.0,453.0,64.0,60.0"
"PARTIAL,delivery,0.75.pddl,True,False,357.0,0.20676702033086108,0.206767020330861,229.330115676667,152.0,40.0,12.0"
"TOTAL,farmland,instance_4_600_1229.pddl,True,False,722.0,1.437698999765294e-24,0.0,0.0,21.0,343.0,348.0"
"TOTAL,farmland,instance_2_600_1229.pddl,True,False,748.0,1.437698999765294e-24,0.0,0.0,7.0,341.0,344.0"
"TOTAL,fo_counters,instance_17.pddl,True,False,5664.0,2.792764819708687e-27,0.0,0.0,36.0,471.0,470.0"
"TOTAL,fo-farmland,instance_10_400_1229.pddl,True,False,10398.0,0.0,0.0,0.0,113.0,651.0,653.0"
"TOTAL,mprime,pfile01.pddl,True,False,211.0,1.6595661293587036e-28,0.0,0.0,70.0,75.0,49.0"
"TOTAL,Linear-Car-2,p15.pddl,True,False,118.0,2.2186712959340957e-29,0.0,0.0,8.0,69.0,15.0"
"TOTAL,sailing,instance_2_4_1229.pddl,True,False,879.0,2.16513981120338e-25,0.0,0.0,12.0,575.0,16.0"
"PARTIAL,Baxter,0.25.pddl,True,False,143.0,7.477816164056177e-05,7.47781616470733e-05,255390.800651207,63.0,12.0,4.0"
"NOISE,Baxter,30.pddl,True,False,148.0,450.32382944605774,450.323829446058,2302.00619441805,63.0,5.0,2.0"
"PARTIAL,HVAC,0.25.pddl,False,False,0.0,0.2749325069663671,-1,-1,21.0,71.0,26.0"
"TOTAL,counters,rnd_instance_8_2.pddl,False,False,0.0,0.4621768940588391,-1,-1,9.0,44.0,51.0"
"PARTIAL,fo-sailing,0.pddl,False,False,0.0,0.0,-1,-1,8.0,410.0,9.0"
"TOTAL,HVAC,instance_1_6.pddl,True,False,5174.0,1.564666162460616e-26,0.0,0.0,24.0,83.0,30.0"
"TOTAL,sugar,pfile03.pddl,True,False,1144.0,4.371275491055932e-28,0.0,0.0,180.0,63.0,44.0"
"PARTIAL,sailing,0.75.pddl,True,False,1270.0,0.050672237174318166,0.0506722371742384,495.34537064386,14.0,744.0,24.0"
"TOTAL,rover,pfile3.pddl,True,False,763.0,0.0,0.0,0.0,160.0,127.0,117.0"
"PARTIAL,sugar,0.25.pddl,True,False,817.0,0.010316188145776959,0.0103161881457771,30542.888410819,180.0,54.0,41.0"
"TOTAL,watering,instance_10_11_2_1.pddl,False,False,0.0,15.657137345236704,-1,-1,50.0,756.0,276.0"
"TOTAL,sailing,instance_2_2_1229.pddl,True,False,155.0,1.7814909917554659e-25,0.0,0.0,8.0,192.0,8.0"
"PARTIAL,farmland,0.5.pddl,True,False,483.0,1.437698999765294e-24,0.0,9216.0,7.0,341.0,344.0"
"PARTIAL,HVAC,0.pddl,False,False,0.0,0.0,-1,-1,9.0,14.0,6.0"
"TOTAL,Descent,prob_earth15.pddl,True,False,1708.0,5.644862806605919e-25,0.0,0.0,17.0,45.0,67.0"
"NOISE,Linear-Car-2,45.pddl,False,False,0.0,2595.050948264593,-1,-1,8.0,75.0,9.0"
"TOTAL,hydropower,pfile04.pddl,True,False,6376.0,2.232439383920531e-27,0.0,0.0,4059.0,56.0,9.0"
"PARTIAL,sugar,0.5.pddl,False,False,0.0,0.0526253434091314,-1,-1,180.0,63.0,44.0"
"PARTIAL,drone,0.5.pddl,False,False,0.0,0.04392735713174183,-1,-1,27.0,11.0,32.0"
"TOTAL,UTC,problem.pddl,False,False,0.0,2.4950115023176265,-1,-1,842.0,69.0,369.0"
"PARTIAL,hydropower,0.5.pddl,True,False,2277.0,0.09637160290375424,0.0963716029037516,573286.205670445,4059.0,17.0,4.0"
"NOISE,HVAC,30.pddl,False,False,0.0,98.80599259537632,-1,-1,9.0,14.0,6.0"
"TOTAL,Linear-Car,instance_9_30.0_0.1_10.0.pddl,True,False,94.0,1.9968041663406861e-28,0.0,0.0,8.0,40.0,15.0"
"NOISE,Baxter,35.pddl,True,False,137.0,29.63239230252009,29.6323923025201,3494.23181483282,63.0,5.0,2.0"
"PARTIAL,farmland,0.75.pddl,True,False,652.0,0.24905123010084537,0.249051230100845,113.29343021862,21.0,115.0,119.0"
"TOTAL,Linear-Car-2,p23.pddl,True,False,126.0,0.0,0.0,0.0,8.0,73.0,24.0"
"PARTIAL,HVAC,0.5.pddl,True,False,314.0,0.06999653456853043,0.0699965345685304,8619.08913200977,9.0,14.0,6.0"
"PARTIAL,Solar-Rover,0.25.pddl,True,False,306.0,0.0,0.0,24154.0,20.0,210.0,2.0"
"NOISE,Linear-Car,25.pddl,False,False,0.0,86.07578702351422,-1,-1,8.0,8.0,8.0"
"NOISE,fo_counters,45.pddl,True,False,206.0,2818.1253638964604,2818.12536389646,515.011635704418,6.0,9.0,10.0"
"NOISE,Descent,40.pddl,False,False,0.0,0.825430261749534,-1,-1,17.0,15.0,19.0"
"NOISE,Linear-Car,50.pddl,False,False,0.0,3510.5523799841712,-1,-1,8.0,8.0,8.0"
"NOISE,fo-farmland,30.pddl,True,False,335.0,0.0505918721794571,0.0505918721794586,453.610349331715,9.0,59.0,61.0"
"PARTIAL,sugar,0.5.pddl,True,False,546.0,4.4373425918681914e-29,0.0,24552.0,145.0,30.0,20.0"
"PARTIAL,counters,0.75.pddl,True,False,84.0,0.022007513206819374,0.0220075132068194,0.0222252988757716,5.0,12.0,15.0"
"TOTAL,sailing,instance_2_7_1229.pddl,True,False,2495.0,5.012462251117152e-25,0.0,0.0,18.0,896.0,28.0"
"NOISE,counters,1.pddl,True,False,49.0,3.865418435582958e-29,0.0,3.0,5.0,6.0,9.0"
"TOTAL,Descent,prob_earth04.pddl,True,False,786.0,1.207520214737727e-25,0.0,0.0,17.0,30.0,40.0"
"NOISE,sailing,5.pddl,True,False,1015.0,9.583767599536262e-26,0.0,76.0,10.0,742.0,16.0"
"PARTIAL,counters,0.5.pddl,True,False,91.0,0.14386655325606929,0.143866553256075,6645.76322300275,5.0,12.0,15.0"
"NOISE,counters,5.pddl,True,False,62.0,18.177366074525164,18.1773660745252,5.06160616417712,5.0,6.0,9.0"
"TOTAL,zenotravel,pfile12.pddl,True,False,1281.0,1.3576072305059092e-22,0.0,0.0,145.0,30.0,16.0"
"PARTIAL,expedition,0.75.pddl,True,False,622.0,0.9771042765789482,0.977104276578948,818933.785376908,58.0,120.0,67.0"
"PARTIAL,Linear-Car,0.pddl,False,False,0.0,0.0,-1,-1,7.0,8.0,8.0"
"TOTAL,zenotravel,pfile4.pddl,True,False,378.0,1.746354024110769e-22,0.0,0.0,53.0,11.0,7.0"
"PARTIAL,hydropower,0.25.pddl,True,False,2875.0,7.686781181459976e-14,7.68678162748453e-14,563681.306902085,4059.0,17.0,4.0"
"PARTIAL,expedition,0.5.pddl,True,False,534.0,1.2924168723509604,1.29241687235096,827361.096277289,58.0,120.0,67.0"
"PARTIAL,zenotravel,0.25.pddl,True,False,313.0,5.860976678699982e-07,5.86097668460544e-07,68790009.044112,53.0,11.0,7.0"
"TOTAL,sugar,pfile16.pddl,True,False,1245.0,4.31753434188775e-28,0.0,0.0,181.0,69.0,60.0"
"TOTAL,Baxter,P5_i4.pddl,True,False,126.0,4.400297230163992e-25,0.0,0.0,88.0,20.0,6.0"
"NOISE,drone,1.pddl,False,False,0.0,1.7182394630346272,-1,-1,19.0,5.0,16.0"
"NOISE,farmland,45.pddl,True,False,348.0,3.733690990362693e-27,0.0,1693.0,7.0,169.0,172.0"
"TOTAL,zenotravel,pfile2.pddl,True,False,163.0,3.2231480913752045e-22,0.0,0.0,31.0,6.0,4.0"
"NOISE,hydropower,5.pddl,True,False,3119.0,14.56100251201626,14.5610025120183,261.842448252801,4059.0,17.0,4.0"
"PARTIAL,sailing,0.25.pddl,True,False,1012.0,2.520428370934881e-07,2.52042837093488e-07,985.724113653766,10.0,742.0,16.0"
"PARTIAL,counters,0.25.pddl,False,False,0.0,0.6820283170773714,-1,-1,13.0,180.0,185.0"
"PARTIAL,mprime,0.75.pddl,True,False,794.0,1.1093356479670479e-29,0.0,7145.0,231.0,88.0,30.0"
"TOTAL,farmland,instance_4_700_1229.pddl,True,False,1149.0,6.039716305598372e-25,0.0,0.0,21.0,400.0,405.0"
"PARTIAL,hydropower,0.pddl,True,False,10373.0,0.0,0.0,900598.384160288,4059.0,68.0,17.0"
"PARTIAL,zenotravel,0.pddl,True,False,145.0,0.0,0.0,52682998.553909,31.0,6.0,4.0"
"TOTAL,Baxter,P5_i2.pddl,True,False,176.0,2.1791932314118287e-25,0.0,0.0,88.0,16.0,6.0"
"PARTIAL,fo-farmland,0.5.pddl,True,False,496.0,0.0,0.0,1089.0,9.0,303.0,247.0"
"PARTIAL,delivery,0.pddl,True,False,221.0,0.0,0.0,21603.9450588503,112.0,36.0,8.0"
"TOTAL,fo-sailing,instance_3_2_1229.pddl,True,False,381.0,1.7814909917554659e-25,0.0,0.0,14.0,230.0,13.0"
"TOTAL,sugar,pfile11.pddl,True,False,886.0,4.2066007770910455e-28,0.0,0.0,180.0,41.0,43.0"
"NOISE,mprime,5.pddl,True,False,317.0,5.162735457171667,5.16273545717167,16.1845094214354,70.0,75.0,49.0"
"TOTAL,Descent,prob_earth19.pddl,True,False,1853.0,8.326989884357359e-25,0.0,0.0,17.0,48.0,67.0"
"PARTIAL,sailing,0.5.pddl,False,False,0.0,0.013663523716461321,-1,-1,10.0,742.0,16.0"
"NOISE,sailing,25.pddl,False,False,0.0,1443.2854230161836,-1,-1,10.0,742.0,16.0"
"TOTAL,mprime,pfile21.pddl,True,False,2276.0,2.2186712959340957e-29,0.0,0.0,846.0,75.0,45.0"
"NOISE,drone,25.pddl,False,False,0.0,807.6336201964209,-1,-1,19.0,5.0,16.0"
"PARTIAL,counters,0.5.pddl,True,False,3735.0,1.933335813033593,1.93333581303359,11.3810297628348,13.0,180.0,185.0"
"NOISE,sugar,25.pddl,False,False,0.0,452.4359125582903,-1,-1,145.0,30.0,20.0"
"TOTAL,drone,problem_8_7_1.pddl,True,False,12404.0,2.6590282443704374e-27,0.0,0.0,235.0,227.0,263.0"
"NOISE,drone,40.pddl,False,False,0.0,4328.201522341504,-1,-1,19.0,5.0,16.0"
"NOISE,hydropower,1.pddl,True,False,2879.0,1.0215207054732263,1.02152070547323,15.1596897167786,4059.0,17.0,4.0"
"PARTIAL,sailing,0.5.pddl,True,False,1764.0,0.006201609613889308,0.00620160961384289,570.994080517604,14.0,744.0,24.0"
"TOTAL,farmland,instance_10_500_1229.pddl,True,False,2371.0,0.0,0.0,0.0,111.0,294.0,297.0"
"TOTAL,Linear-Car-2,p22.pddl,True,False,161.0,0.0,0.0,0.0,8.0,71.0,23.0"
"PARTIAL,rover,0.pddl,True,False,1412.0,0.0,0.0,360.368106144234,160.0,127.0,117.0"
"PARTIAL,HVAC,0.5.pddl,True,False,3807.0,125.57789696205013,125.57789696205,8169.18122164445,18.0,56.0,22.0"
"PARTIAL,fo_counters,0.5.pddl,True,False,87.0,0.09250870841345482,0.0925087084134548,3.32460566188052,6.0,9.0,10.0"
"NOISE,sugar,5.pddl,True,False,1028.0,39.845386217190956,39.8453862171909,296.390225590886,145.0,30.0,20.0"
"PARTIAL,mprime,0.5.pddl,True,False,489.0,2.2186712959340957e-29,0.0,15819.0,288.0,42.0,24.0"
"PARTIAL,Linear-Car-2,0.25.pddl,False,False,0.0,0.0,-1,-1,7.0,55.0,19.0"
"PARTIAL,zenotravel,0.75.pddl,True,False,381.0,2.154322233065233,2.15432223306509,56250350.7944471,48.0,7.0,3.0"
"NOISE,hydropower,45.pddl,True,False,3036.0,1854.3755638139155,1854.37556381391,18180.8655864718,4059.0,17.0,4.0"
"PARTIAL,zenotravel,0.5.pddl,True,False,81.0,3.1013767521574357e-22,0.0,5079378.0,31.0,6.0,4.0"
"PARTIAL,mprime,0.25.pddl,True,False,477.0,0.0,0.0,35952.0,288.0,42.0,24.0"
"NOISE,expedition,25.pddl,True,False,684.0,1565.7824185737163,1565.78241857372,1665.43429135454,58.0,120.0,67.0"
"TOTAL,sailing,instance_1_10_1229.pddl,True,False,2819.0,8.440704326826006e-25,0.0,0.0,22.0,771.0,40.0"
"PARTIAL,zenotravel,0.pddl,True,False,92.0,0.0,0.0,181708125.195152,48.0,7.0,3.0"
"TOTAL,Baxter,P7_i5.pddl,True,False,485.0,4.286147454804797e-25,0.0,0.0,150.0,49.0,12.0"
"PARTIAL,hydropower,0.pddl,True,False,1961.0,0.0,0.0,612575.46176006,4059.0,17.0,4.0"
"NOISE,zenotravel,30.pddl,True,False,290.0,537.251445647074,537.251445647074,3568.7462422263,31.0,11.0,3.0"
"PARTIAL,delivery,0.5.pddl,True,False,446.0,0.0006963884682335626,0.000696388468233563,23309.3673572996,152.0,40.0,12.0"
"PARTIAL,drone,0.75.pddl,False,False,0.0,0.07452651001712803,-1,-1,27.0,11.0,32.0"
"PARTIAL,mprime,0.25.pddl,True,False,989.0,0.0,0.0,22099.0,198.0,121.0,62.0"
"NOISE,rover,35.pddl,True,False,91.0,4.543838814073028e-28,0.0,1105.0,105.0,11.0,10.0"
"TOTAL,Baxter,P6_i4.pddl,True,False,313.0,2.248999482378435e-25,0.0,0.0,117.0,24.0,7.0"
"NOISE,expedition,5.pddl,True,False,647.0,38.936090338905714,38.9360903389057,36.9706724056121,58.0,120.0,67.0"
"PARTIAL,farmland,0.25.pddl,True,False,752.0,0.004491721935130372,0.00449172193513037,14778.1887378949,21.0,172.0,176.0"
"PARTIAL,sailing,0.pddl,True,False,1967.0,0.0,0.0,7856.34066177305,16.0,757.0,28.0"
"NOISE,expedition,30.pddl,False,False,0.0,474.544258640472,-1,-1,58.0,120.0,67.0"
"NOISE,fo-sailing,20.pddl,True,False,267.0,9.058644748695777,9.05864474869578,730.947068652392,6.0,294.0,5.0"
"PARTIAL,expedition,0.75.pddl,True,False,1785.0,0.0,0.0,3042.0,74.0,308.0,150.0"
"NOISE,zenotravel,1.pddl,True,False,129.0,7.445359801964161e-23,0.0,10.0,31.0,11.0,3.0"
"PARTIAL,delivery,0.5.pddl,True,False,183.0,0.002273226240131585,0.00227322624013159,11.6538044658055,92.0,26.0,7.0"
"NOISE,sailing,1.pddl,False,False,0.0,0.3558538510770487,-1,-1,10.0,742.0,16.0"
"TOTAL,fo_counters,instance_15.pddl,True,False,2314.0,1.1093356479670479e-27,0.0,0.0,32.0,233.0,237.0"