"PATTY-F,ipc-2023/block-grouping,instance_100_20_5_1.pddl,True,False,1550.0,1,4589,168,413,1,1"
"PATTY-F,ipc-2023/block-grouping,instance_100_25_6_2.pddl,True,False,1760.0,1,2857,208,513,1,1"
"PATTY-F,ipc-2023/block-grouping,instance_11_10_2_3.pddl,True,False,950.0,1,115,88,213,1,1"
"PATTY-F,ipc-2023/block-grouping,instance_11_30_7_2.pddl,True,False,2270.0,1,403,248,613,1,1"
"PATTY-F,ipc-2023/block-grouping,instance_11_35_8_3.pddl,True,False,2640.0,1,482,288,713,1,1"
"PATTY-F,ipc-2023/block-grouping,instance_11_40_10_1.pddl,True,False,3390.0,1,561,328,813,1,1"
"PATTY-F,ipc-2023/block-grouping,instance_15_10_2_3.pddl,True,False,850.0,1,130,88,213,1,1"
"PATTY-F,ipc-2023/block-grouping,instance_15_25_6_3.pddl,True,False,1640.0,1,331,208,513,1,1"
"PATTY-F,ipc-2023/block-grouping,instance_20_10_2_1.pddl,True,False,830.0,1,202,88,213,1,1"
"PATTY-F,ipc-2023/block-grouping,instance_20_10_2_3.pddl,True,False,1010.0,1,230,88,213,1,1"
"PATTY-F,ipc-2023/block-grouping,instance_20_15_3_2.pddl,True,False,1170.0,1,311,128,313,1,1"
"PATTY-F,ipc-2023/block-grouping,instance_20_30_7_2.pddl,True,False,2170.0,1,750,248,613,1,1"
"PATTY-F,ipc-2023/block-grouping,instance_20_40_10_2.pddl,True,False,3420.0,1,891,328,813,1,1"
"PATTY-F,ipc-2023/block-grouping,instance_20_5_2_1.pddl,True,False,860.0,1,102,48,113,1,1"
"PATTY-F,ipc-2023/block-grouping,instance_20_5_2_2.pddl,True,False,860.0,1,76,48,113,1,1"
"PATTY-F,ipc-2023/block-grouping,instance_25_15_3_1.pddl,True,False,1110.0,1,367,128,313,1,1"
"PATTY-F,ipc-2023/block-grouping,instance_25_35_8_1.pddl,True,False,2670.0,1,963,288,713,1,1"
"PATTY-F,ipc-2023/block-grouping,instance_25_40_10_3.pddl,True,False,3560.0,1,1069,328,813,1,1"
"PATTY-F,ipc-2023/block-grouping,instance_5_25_6_1.pddl,True,False,2300.0,1,144,208,513,1,1"
"PATTY-F,ipc-2023/block-grouping,instance_7_10_2_1.pddl,True,False,980.0,1,92,88,213,1,1"
"PATTY-F,ipc-2023/counters,fz_instance_12.pddl,True,False,900.0,1,68,50,124,1,1"
"PATTY-F,ipc-2023/counters,fz_instance_4.pddl,True,False,840.0,1,8,18,44,1,1"
"PATTY-F,ipc-2023/counters,fz_instance_40.pddl,True,False,1030.0,1,784,162,404,1,1"
"PATTY-F,ipc-2023/counters,inv_instance_12.pddl,True,False,840.0,1,170,50,124,1,1"
"PATTY-F,ipc-2023/counters,inv_instance_16.pddl,True,False,930.0,1,286,66,164,1,1"
"PATTY-F,ipc-2023/counters,inv_instance_36.pddl,True,False,900.0,1,1261,146,364,1,1"
"PATTY-F,ipc-2023/counters,inv_instance_4.pddl,True,False,890.0,1,22,18,44,1,1"
"PATTY-F,ipc-2023/counters,rnd_instance_12_3.pddl,True,False,860.0,1,131,50,124,1,1"
"PATTY-F,ipc-2023/counters,rnd_instance_20_1.pddl,True,False,960.0,1,359,82,204,1,1"
"PATTY-F,ipc-2023/counters,rnd_instance_24_1.pddl,True,False,920.0,1,363,98,244,1,1"
"PATTY-F,ipc-2023/counters,rnd_instance_28_1.pddl,True,False,950.0,1,507,114,284,1,1"
"PATTY-F,ipc-2023/counters,rnd_instance_32_1.pddl,True,False,1020.0,1,871,130,324,1,1"
"PATTY-F,ipc-2023/counters,rnd_instance_32_2.pddl,True,False,1030.0,1,823,130,324,1,1"
"PATTY-F,ipc-2023/counters,rnd_instance_36_2.pddl,True,False,1020.0,1,896,146,364,1,1"
"PATTY-F,ipc-2023/counters,rnd_instance_4_1.pddl,True,False,840.0,1,22,18,44,1,1"
"PATTY-F,ipc-2023/counters,rnd_instance_40_1.pddl,True,False,1110.0,1,1025,162,404,1,1"
"PATTY-F,ipc-2023/counters,rnd_instance_40_2.pddl,True,False,1110.0,1,854,162,404,1,1"
"PATTY-F,ipc-2023/counters,rnd_instance_40_3.pddl,True,False,970.0,1,967,162,404,1,1"
"PATTY-F,ipc-2023/counters,rnd_instance_8_2.pddl,True,False,870.0,1,46,34,84,1,1"
"PATTY-F,ipc-2023/counters,rnd_instance_8_3.pddl,True,False,810.0,1,45,34,84,1,1"
"PATTY-F,ipc-2023/delivery,prob01.pddl,True,False,1570.0,2,10,348,1171,2,2"
"PATTY-F,ipc-2023/delivery,prob02.pddl,True,False,3220.0,4,22,514,1765,4,4"
"PATTY-F,ipc-2023/delivery,prob03.pddl,True,False,4150.0,4,26,662,2287,4,4"
"PATTY-F,ipc-2023/delivery,prob04.pddl,True,False,12290.0,6,42,1015,3607,6,6"
"PATTY-F,ipc-2023/delivery,prob05.pddl,True,False,11220.0,6,42,986,3443,6,6"
"PATTY-F,ipc-2023/delivery,prob06.pddl,True,False,40050.0,9,52,1982,7297,9,9"
"PATTY-F,ipc-2023/delivery,prob07.pddl,True,False,53650.0,9,54,2244,8269,9,9"
"PATTY-F,ipc-2023/delivery,prob08.pddl,False,True,60000,-1,0,-1,-1,-1,-1"
"PATTY-F,ipc-2023/delivery,prob09.pddl,False,True,60000,-1,0,-1,-1,-1,-1"
"PATTY-F,ipc-2023/delivery,prob10.pddl,False,True,60000,-1,0,-1,-1,-1,-1"
"PATTY-F,ipc-2023/delivery,prob11.pddl,False,True,60000,-1,0,-1,-1,-1,-1"
"PATTY-F,ipc-2023/delivery,prob12.pddl,False,True,60000,-1,0,-1,-1,-1,-1"
"PATTY-F,ipc-2023/delivery,prob13.pddl,False,True,60000,-1,0,-1,-1,-1,-1"
"PATTY-F,ipc-2023/delivery,prob14.pddl,False,True,60000,-1,0,-1,-1,-1,-1"
"PATTY-F,ipc-2023/delivery,prob15.pddl,False,True,60000,-1,0,-1,-1,-1,-1"
"PATTY-F,ipc-2023/delivery,prob16.pddl,False,True,60000,-1,0,-1,-1,-1,-1"
"PATTY-F,ipc-2023/delivery,prob17.pddl,False,True,60000,-1,0,-1,-1,-1,-1"
"PATTY-F,ipc-2023/delivery,prob18.pddl,False,True,60000,-1,0,-1,-1,-1,-1"
"PATTY-F,ipc-2023/delivery,prob19.pddl,False,True,60000,-1,0,-1,-1,-1,-1"
"PATTY-F,ipc-2023/delivery,prob20.pddl,False,True,60000,-1,0,-1,-1,-1,-1"
"PATTY-F,ipc-2023/drone,problem_1_1_2.pddl,True,False,910.0,3,9,59,122,3,3"
"PATTY-F,ipc-2023/drone,problem_1_1_4.pddl,True,False,1180.0,7,13,87,180,7,7"
"PATTY-F,ipc-2023/drone,problem_1_8_1.pddl,True,False,1890.0,15,61,142,293,15,15"
"PATTY-F,ipc-2023/drone,problem_1_9_3.pddl,True,False,14190.0,53,238,405,835,53,53"
"PATTY-F,ipc-2023/drone,problem_10_10_3.pddl,False,True,60000,-1,0,-1,-1,-1,-1"
"PATTY-F,ipc-2023/drone,problem_2_5_4.pddl,True,False,38100.0,79,310,614,1293,79,79"
"PATTY-F,ipc-2023/drone,problem_2_8_3.pddl,True,False,58470.0,95,439,749,1594,95,95"
"PATTY-F,ipc-2023/drone,problem_2_9_1.pddl,True,False,6800.0,35,129,286,595,35,35"
"PATTY-F,ipc-2023/drone,problem_3_3_4.pddl,True,False,28620.0,71,259,565,1198,71,71"
"PATTY-F,ipc-2023/drone,problem_4_2_5.pddl,True,False,37630.0,79,292,608,1275,79,79"
"PATTY-F,ipc-2023/drone,problem_4_9_5.pddl,False,True,60000,-1,0,-1,-1,-1,-1"
"PATTY-F,ipc-2023/drone,problem_5_10_1.pddl,True,False,57980.0,99,506,735,1526,99,99"
"PATTY-F,ipc-2023/drone,problem_5_2_2.pddl,True,False,8780.0,39,139,327,692,39,39"
"PATTY-F,ipc-2023/drone,problem_6_8_1.pddl,True,False,52960.0,95,437,721,1510,95,95"
"PATTY-F,ipc-2023/drone,problem_7_6_4.pddl,False,True,60000,-1,0,-1,-1,-1,-1"
"PATTY-F,ipc-2023/drone,problem_8_1_2.pddl,True,False,4800.0,31,117,257,534,31,31"
"PATTY-F,ipc-2023/drone,problem_8_1_4.pddl,True,False,19570.0,63,274,482,1001,63,63"
"PATTY-F,ipc-2023/drone,problem_8_1_5.pddl,True,False,35570.0,79,357,607,1272,79,79"
"PATTY-F,ipc-2023/drone,problem_8_7_1.pddl,False,True,60000,-1,0,762,1529,83,-1"
"PATTY-F,ipc-2023/drone,problem_9_7_3.pddl,False,False,12160.0,-1,0,1731,2707,1,-1"
"PATTY-F,ipc-2023/expedition,pfile1.pddl,True,False,5650.0,6,50,320,983,6,6"
"PATTY-F,ipc-2023/expedition,pfile10.pddl,False,True,60000,-1,0,-1,-1,-1,-1"
"PATTY-F,ipc-2023/expedition,pfile11.pddl,True,False,6700.0,8,28,274,854,8,8"
"PATTY-F,ipc-2023/expedition,pfile12.pddl,False,True,60000,-1,0,-1,-1,-1,-1"
"PATTY-F,ipc-2023/expedition,pfile13.pddl,False,False,1590.0,-1,0,200,587,3,-1"
"PATTY-F,ipc-2023/expedition,pfile14.pddl,False,True,60000,-1,0,-1,-1,-1,-1"
"PATTY-F,ipc-2023/expedition,pfile15.pddl,False,True,60000,-1,0,-1,-1,-1,-1"
"PATTY-F,ipc-2023/expedition,pfile16.pddl,False,True,60000,-1,0,-1,-1,-1,-1"
"PATTY-F,ipc-2023/expedition,pfile17.pddl,False,True,60000,-1,0,-1,-1,-1,-1"
"PATTY-F,ipc-2023/expedition,pfile18.pddl,False,True,60000,-1,0,-1,-1,-1,-1"
"PATTY-F,ipc-2023/expedition,pfile19.pddl,False,True,60000,-1,0,-1,-1,-1,-1"
"PATTY-F,ipc-2023/expedition,pfile2.pddl,False,True,60000,-1,0,-1,-1,-1,-1"
"PATTY-F,ipc-2023/expedition,pfile20.pddl,False,True,60000,-1,0,-1,-1,-1,-1"
"PATTY-F,ipc-2023/expedition,pfile3.pddl,False,True,60000,-1,0,-1,-1,-1,-1"
"PATTY-F,ipc-2023/expedition,pfile4.pddl,False,True,60000,-1,0,-1,-1,-1,-1"
"PATTY-F,ipc-2023/expedition,pfile5.pddl,False,True,60000,-1,0,-1,-1,-1,-1"
"PATTY-F,ipc-2023/expedition,pfile6.pddl,False,True,60000,-1,0,-1,-1,-1,-1"
"PATTY-F,ipc-2023/expedition,pfile7.pddl,False,True,60000,-1,0,-1,-1,-1,-1"
"PATTY-F,ipc-2023/expedition,pfile8.pddl,False,True,60000,-1,0,-1,-1,-1,-1"
"PATTY-F,ipc-2023/expedition,pfile9.pddl,False,True,60000,-1,0,-1,-1,-1,-1"
"PATTY-F,ipc-2023/ext-plant-watering,instance_10_11_2_1.pddl,True,False,5200.0,14,493,317,802,14,14"
"PATTY-F,ipc-2023/ext-plant-watering,instance_10_17_2_1.pddl,True,False,16500.0,26,849,471,1210,26,26"
"PATTY-F,ipc-2023/ext-plant-watering,instance_10_5_2_1.pddl,True,False,2050.0,9,285,197,496,9,9"
"PATTY-F,ipc-2023/ext-plant-watering,instance_10_7_2_1.pddl,True,False,3320.0,12,416,237,598,12,12"
"PATTY-F,ipc-2023/ext-plant-watering,instance_11_17_2_1.pddl,True,False,14300.0,23,840,470,1207,23,23"
"PATTY-F,ipc-2023/ext-plant-watering,instance_11_5_2_1.pddl,True,False,2040.0,9,291,188,469,9,9"
"PATTY-F,ipc-2023/ext-plant-watering,instance_12_15_2_1.pddl,True,False,8980.0,19,720,355,880,19,19"
"PATTY-F,ipc-2023/ext-plant-watering,instance_12_17_2_1.pddl,True,False,12370.0,22,725,398,991,22,22"
"PATTY-F,ipc-2023/ext-plant-watering,instance_12_19_2_1.pddl,True,False,17790.0,25,1066,506,1297,25,25"
"PATTY-F,ipc-2023/ext-plant-watering,instance_12_7_2_1.pddl,True,False,2450.0,8,380,189,454,8,8"
"PATTY-F,ipc-2023/ext-plant-watering,instance_13_13_2_1.pddl,True,False,8470.0,18,799,402,1039,18,18"
"PATTY-F,ipc-2023/ext-plant-watering,instance_13_15_2_1.pddl,True,False,13420.0,24,1040,447,1156,24,24"
"PATTY-F,ipc-2023/ext-plant-watering,instance_13_9_2_1.pddl,True,False,3560.0,11,467,267,670,11,11"
"PATTY-F,ipc-2023/ext-plant-watering,instance_14_13_2_1.pddl,True,False,10130.0,20,855,416,1081,20,20"
"PATTY-F,ipc-2023/ext-plant-watering,instance_14_17_2_1.pddl,True,False,11100.0,21,888,440,1117,21,21"
"PATTY-F,ipc-2023/ext-plant-watering,instance_14_19_2_1.pddl,True,False,22870.0,30,1086,522,1345,30,30"
"PATTY-F,ipc-2023/ext-plant-watering,instance_15_15_2_1.pddl,True,False,12620.0,24,764,387,976,24,24"
"PATTY-F,ipc-2023/ext-plant-watering,instance_15_17_2_1.pddl,True,False,19850.0,27,1251,518,1351,27,27"
"PATTY-F,ipc-2023/ext-plant-watering,instance_15_19_2_1.pddl,True,False,15330.0,25,849,437,1090,25,25"
"PATTY-F,ipc-2023/ext-plant-watering,instance_15_7_2_1.pddl,True,False,2810.0,10,505,249,634,10,10"
"PATTY-F,ipc-2023/farmland,instance_10_500_1229.pddl,True,False,1050.0,1,608,100,215,1,1"
"PATTY-F,ipc-2023/farmland,instance_10_700_1229.pddl,True,False,1140.0,1,1404,100,215,1,1"
"PATTY-F,ipc-2023/farmland,instance_2_300_1229.pddl,True,False,800.0,1,221,12,23,1,1"
"PATTY-F,ipc-2023/farmland,instance_2_600_1229.pddl,True,False,700.0,1,440,12,23,1,1"
"PATTY-F,ipc-2023/farmland,instance_2_700_1229.pddl,True,False,810.0,1,513,12,23,1,1"
"PATTY-F,ipc-2023/farmland,instance_4_200_1229.pddl,True,False,860.0,1,201,34,71,1,1"
"PATTY-F,ipc-2023/farmland,instance_4_300_1229.pddl,True,False,720.0,1,258,34,71,1,1"
"PATTY-F,ipc-2023/farmland,instance_4_400_1229.pddl,True,False,730.0,1,315,34,71,1,1"
"PATTY-F,ipc-2023/farmland,instance_4_600_1229.pddl,True,False,900.0,1,429,34,71,1,1"
"PATTY-F,ipc-2023/farmland,instance_4_700_1229.pddl,True,False,880.0,1,488,34,71,1,1"
"PATTY-F,ipc-2023/farmland,instance_4_800_1229.pddl,True,False,870.0,1,807,34,71,1,1"
"PATTY-F,ipc-2023/farmland,instance_6_100_1229.pddl,True,False,1030.0,1,250,56,119,1,1"
"PATTY-F,ipc-2023/farmland,instance_6_200_1229.pddl,True,False,980.0,1,507,56,119,1,1"
"PATTY-F,ipc-2023/farmland,instance_6_400_1229.pddl,True,False,950.0,1,869,56,119,1,1"
"PATTY-F,ipc-2023/farmland,instance_6_500_1229.pddl,True,False,980.0,1,1179,56,119,1,1"
"PATTY-F,ipc-2023/farmland,instance_6_600_1229.pddl,True,False,1050.0,1,1381,56,119,1,1"
"PATTY-F,ipc-2023/farmland,instance_6_900_1229.pddl,True,False,860.0,1,1969,56,119,1,1"
"PATTY-F,ipc-2023/farmland,instance_8_200_1229.pddl,True,False,1080.0,1,240,78,167,1,1"
"PATTY-F,ipc-2023/farmland,instance_8_400_1229.pddl,True,False,1040.0,1,414,78,167,1,1"
"PATTY-F,ipc-2023/farmland,instance_8_700_1229.pddl,True,False,1000.0,1,685,78,167,1,1"
"PATTY-F,ipc-2023/fo_counters,instance_10.pddl,True,False,980.0,1,116,84,176,1,1"
"PATTY-F,ipc-2023/fo_counters,instance_11.pddl,True,False,960.0,1,96,92,193,1,1"
"PATTY-F,ipc-2023/fo_counters,instance_12.pddl,True,False,980.0,1,110,100,210,1,1"
"PATTY-F,ipc-2023/fo_counters,instance_13.pddl,True,False,990.0,1,100,108,227,1,1"
"PATTY-F,ipc-2023/fo_counters,instance_14.pddl,True,False,980.0,1,175,116,244,1,1"
"PATTY-F,ipc-2023/fo_counters,instance_15.pddl,True,False,850.0,1,145,124,261,1,1"
"PATTY-F,ipc-2023/fo_counters,instance_16.pddl,True,False,1030.0,1,149,132,278,1,1"
"PATTY-F,ipc-2023/fo_counters,instance_17.pddl,True,False,1060.0,1,209,140,295,1,1"
"PATTY-F,ipc-2023/fo_counters,instance_18.pddl,True,False,1350.0,1,230,148,312,1,1"
"PATTY-F,ipc-2023/fo_counters,instance_19.pddl,True,False,1280.0,1,195,156,329,1,1"
"PATTY-F,ipc-2023/fo_counters,instance_2.pddl,True,False,690.0,1,13,20,40,1,1"
"PATTY-F,ipc-2023/fo_counters,instance_20.pddl,True,False,1340.0,1,261,164,346,1,1"
"PATTY-F,ipc-2023/fo_counters,instance_21.pddl,True,False,1380.0,1,239,172,363,1,1"
"PATTY-F,ipc-2023/fo_counters,instance_3.pddl,True,False,660.0,1,13,28,57,1,1"
"PATTY-F,ipc-2023/fo_counters,instance_4.pddl,True,False,860.0,1,36,36,74,1,1"
"PATTY-F,ipc-2023/fo_counters,instance_5.pddl,True,False,860.0,1,34,44,91,1,1"
"PATTY-F,ipc-2023/fo_counters,instance_6.pddl,True,False,930.0,1,54,52,108,1,1"
"PATTY-F,ipc-2023/fo_counters,instance_7.pddl,True,False,730.0,1,63,60,125,1,1"
"PATTY-F,ipc-2023/fo_counters,instance_8.pddl,True,False,880.0,1,102,68,142,1,1"
"PATTY-F,ipc-2023/fo_counters,instance_9.pddl,True,False,940.0,1,94,76,159,1,1"
"PATTY-F,ipc-2023/fo-farmland,instance_10_100_1229.pddl,True,False,1870.0,1,226,104,212,1,1"
"PATTY-F,ipc-2023/fo-farmland,instance_10_200_1229.pddl,True,False,2240.0,1,317,104,212,1,1"
"PATTY-F,ipc-2023/fo-farmland,instance_10_400_1229.pddl,True,False,3660.0,1,476,104,212,1,1"
"PATTY-F,ipc-2023/fo-farmland,instance_2_200_1229.pddl,True,False,700.0,1,143,16,28,1,1"
"PATTY-F,ipc-2023/fo-farmland,instance_2_400_1229.pddl,True,False,720.0,1,257,16,28,1,1"
"PATTY-F,ipc-2023/fo-farmland,instance_4_1000_1229.pddl,True,False,930.0,1,1034,38,74,1,1"
"PATTY-F,ipc-2023/fo-farmland,instance_4_300_1229.pddl,True,False,940.0,1,334,38,74,1,1"
"PATTY-F,ipc-2023/fo-farmland,instance_4_400_1229.pddl,True,False,900.0,1,434,38,74,1,1"
"PATTY-F,ipc-2023/fo-farmland,instance_4_800_1229.pddl,True,False,970.0,1,1154,38,74,1,1"
"PATTY-F,ipc-2023/fo-farmland,instance_6_100_1229.pddl,True,False,4550.0,1,215,60,120,1,1"
"PATTY-F,ipc-2023/fo-farmland,instance_6_400_1229.pddl,True,False,1870.0,1,261,60,120,1,1"
"PATTY-F,ipc-2023/fo-farmland,instance_6_600_1229.pddl,True,False,1520.0,1,1519,60,120,1,1"
"PATTY-F,ipc-2023/fo-farmland,instance_6_800_1229.pddl,True,False,1910.0,1,1149,60,120,1,1"
"PATTY-F,ipc-2023/fo-farmland,instance_6_900_1229.pddl,True,False,2430.0,1,582,60,120,1,1"
"PATTY-F,ipc-2023/fo-farmland,instance_8_300_1229.pddl,True,False,2420.0,1,387,82,166,1,1"
"PATTY-F,ipc-2023/fo-farmland,instance_8_400_1229.pddl,True,False,2090.0,1,163,82,166,1,1"
"PATTY-F,ipc-2023/fo-farmland,instance_8_500_1229.pddl,True,False,2330.0,1,2462,82,166,1,1"
"PATTY-F,ipc-2023/fo-farmland,instance_8_600_1229.pddl,True,False,4310.0,1,987,82,166,1,1"
"PATTY-F,ipc-2023/fo-farmland,instance_8_700_1229.pddl,True,False,2840.0,1,925,82,166,1,1"
"PATTY-F,ipc-2023/fo-farmland,instance_8_900_1229.pddl,True,False,3290.0,1,2066,82,166,1,1"
"PATTY-F,ipc-2023/fo-sailing,instance_1_1_1229.pddl,True,False,870.0,1,65,19,43,1,1"
"PATTY-F,ipc-2023/fo-sailing,instance_1_2_1229.pddl,True,False,970.0,2,485,32,77,2,2"
"PATTY-F,ipc-2023/fo-sailing,instance_1_3_1229.pddl,True,False,1420.0,3,460,41,99,3,3"
"PATTY-F,ipc-2023/fo-sailing,instance_1_4_1229.pddl,True,False,2800.0,4,7538,51,124,4,4"
"PATTY-F,ipc-2023/fo-sailing,instance_2_1_1229.pddl,True,False,890.0,1,78,33,79,1,1"
"PATTY-F,ipc-2023/fo-sailing,instance_2_2_1229.pddl,True,False,820.0,1,228,39,92,1,1"
"PATTY-F,ipc-2023/fo-sailing,instance_2_3_1229.pddl,True,False,2810.0,2,2277,59,149,2,2"
"PATTY-F,ipc-2023/fo-sailing,instance_2_4_1229.pddl,True,False,1980.0,2,7874,65,162,2,2"
"PATTY-F,ipc-2023/fo-sailing,instance_3_1_1229.pddl,True,False,810.0,1,679,47,115,1,1"
"PATTY-F,ipc-2023/fo-sailing,instance_3_2_1229.pddl,True,False,990.0,1,1074,54,132,1,1"
"PATTY-F,ipc-2023/fo-sailing,instance_3_3_1229.pddl,True,False,990.0,1,227,61,149,1,1"
"PATTY-F,ipc-2023/fo-sailing,instance_3_4_1229.pddl,True,False,13760.0,2,6405,95,250,2,2"
"PATTY-F,ipc-2023/fo-sailing,instance_4_1_1229.pddl,True,False,980.0,1,1150,61,151,1,1"
"PATTY-F,ipc-2023/fo-sailing,instance_4_2_1229.pddl,True,False,2230.0,1,6866,69,172,1,1"
"PATTY-F,ipc-2023/fo-sailing,instance_4_3_1229.pddl,True,False,1010.0,1,203,77,193,1,1"
"PATTY-F,ipc-2023/fo-sailing,instance_4_4_1229.pddl,True,False,1470.0,1,2712,85,214,1,1"
"PATTY-F,ipc-2023/fo-sailing,instance_5_1_1229.pddl,True,False,1080.0,1,200,75,187,1,1"
"PATTY-F,ipc-2023/fo-sailing,instance_5_2_1229.pddl,True,False,1190.0,1,1427,84,212,1,1"
"PATTY-F,ipc-2023/fo-sailing,instance_5_3_1229.pddl,True,False,890.0,1,671,93,237,1,1"
"PATTY-F,ipc-2023/fo-sailing,instance_5_4_1229.pddl,True,False,1190.0,1,820,102,262,1,1"
"PATTY-F,ipc-2023/hydropower,pfile01.pddl,True,False,13260.0,1,66,352,725,1,1"
"PATTY-F,ipc-2023/hydropower,pfile02.pddl,True,False,18490.0,1,44,352,725,1,1"
"PATTY-F,ipc-2023/hydropower,pfile04.pddl,True,False,12800.0,1,54,352,725,1,1"
"PATTY-F,ipc-2023/hydropower,pfile05.pddl,True,False,21690.0,1,80,352,725,1,1"
"PATTY-F,ipc-2023/hydropower,pfile06.pddl,True,False,13400.0,1,66,352,725,1,1"
"PATTY-F,ipc-2023/hydropower,pfile07.pddl,True,False,11690.0,1,92,352,725,1,1"
"PATTY-F,ipc-2023/hydropower,pfile08.pddl,True,False,21370.0,1,80,352,725,1,1"
"PATTY-F,ipc-2023/hydropower,pfile09.pddl,True,False,11910.0,1,88,352,725,1,1"
"PATTY-F,ipc-2023/hydropower,pfile11.pddl,True,False,9080.0,1,145,352,725,1,1"
"PATTY-F,ipc-2023/hydropower,pfile12.pddl,True,False,14940.0,1,164,352,725,1,1"
"PATTY-F,ipc-2023/hydropower,pfile13.pddl,True,False,9330.0,1,153,352,725,1,1"
"PATTY-F,ipc-2023/hydropower,pfile14.pddl,True,False,7880.0,1,200,352,725,1,1"
"PATTY-F,ipc-2023/hydropower,pfile18.pddl,True,False,7320.0,1,292,352,725,1,1"
"PATTY-F,ipc-2023/hydropower,pfile19.pddl,True,False,15430.0,1,270,352,725,1,1"
"PATTY-F,ipc-2023/hydropower,pfile20.pddl,True,False,6260.0,1,329,352,725,1,1"
"PATTY-F,ipc-2023/hydropower,pfile22.pddl,True,False,14130.0,1,386,352,725,1,1"
"PATTY-F,ipc-2023/hydropower,pfile23.pddl,True,False,12800.0,1,358,352,725,1,1"
"PATTY-F,ipc-2023/hydropower,pfile24.pddl,True,False,11100.0,1,412,352,725,1,1"
"PATTY-F,ipc-2023/hydropower,pfile27.pddl,True,False,12280.0,1,372,352,725,1,1"
"PATTY-F,ipc-2023/hydropower,pfile28.pddl,True,False,16149.999999999998,1,476,352,725,1,1"
"PATTY-F,ipc-2023/mprime,pfile01.pddl,True,False,1240.0,2,81,225,664,2,2"
"PATTY-F,ipc-2023/mprime,pfile02.pddl,True,False,31300.0,2,76,2790,10187,2,2"
"PATTY-F,ipc-2023/mprime,pfile04.pddl,True,False,2640.0,2,104,674,2083,2,2"
"PATTY-F,ipc-2023/mprime,pfile05.pddl,True,False,22330.0,2,55,2448,8897,2,2"
"PATTY-F,ipc-2023/mprime,pfile09.pddl,True,False,11480.0,2,55,1875,6776,2,2"
"PATTY-F,ipc-2023/mprime,pfile13.pddl,False,True,60000,-1,0,-1,-1,-1,-1"
"PATTY-F,ipc-2023/mprime,pfile14.pddl,False,True,60000,-1,0,-1,-1,-1,-1"
"PATTY-F,ipc-2023/mprime,pfile15.pddl,False,True,60000,-1,0,-1,-1,-1,-1"
"PATTY-F,ipc-2023/mprime,pfile16.pddl,True,False,11940.0,1,68,1976,6881,1,1"
"PATTY-F,ipc-2023/mprime,pfile18.pddl,False,True,60000,-1,0,-1,-1,-1,-1"
"PATTY-F,ipc-2023/mprime,pfile19.pddl,False,True,60000,-1,0,-1,-1,-1,-1"
"PATTY-F,ipc-2023/mprime,pfile20.pddl,False,True,60000,-1,0,-1,-1,-1,-1"
"PATTY-F,ipc-2023/mprime,pfile21.pddl,False,True,60000,-1,0,-1,-1,-1,-1"
"PATTY-F,ipc-2023/mprime,pfile22.pddl,False,True,60000,-1,0,-1,-1,-1,-1"
"PATTY-F,ipc-2023/mprime,pfile23.pddl,False,True,60000,-1,0,-1,-1,-1,-1"
"PATTY-F,ipc-2023/mprime,pfile24.pddl,False,True,60000,-1,0,-1,-1,-1,-1"
"PATTY-F,ipc-2023/mprime,pfile25.pddl,True,False,1170.0,2,39,179,556,2,2"
"PATTY-F,ipc-2023/mprime,pfile26.pddl,True,False,23180.0,2,132,1785,6262,2,2"
"PATTY-F,ipc-2023/mprime,pfile27.pddl,True,False,3110.0,2,148,831,2864,2,2"
"PATTY-F,ipc-2023/mprime,pfile28.pddl,True,False,2540.0,5,172,416,1354,5,5"
"PATTY-F,ipc-2023/pathwaysmetric,pfile01.pddl,True,False,870.0,1,125,238,393,1,1"
"PATTY-F,ipc-2023/pathwaysmetric,pfile03.pddl,True,False,1270.0,1,332,526,834,1,1"
"PATTY-F,ipc-2023/pathwaysmetric,pfile04.pddl,True,False,1540.0,1,310,750,1189,1,1"
"PATTY-F,ipc-2023/pathwaysmetric,pfile06.pddl,True,False,2340.0,1,1046,1322,2075,1,1"
"PATTY-F,ipc-2023/pathwaysmetric,pfile07.pddl,True,False,3030.0,1,1148,1774,2778,1,1"
"PATTY-F,ipc-2023/pathwaysmetric,pfile08.pddl,True,False,4280.0,1,1460,2446,3811,1,1"
"PATTY-F,ipc-2023/pathwaysmetric,pfile09.pddl,True,False,4059.9999999999995,1,1030,2274,3569,1,1"
"PATTY-F,ipc-2023/pathwaysmetric,pfile10.pddl,True,False,3940.0,1,1522,2368,3750,1,1"
"PATTY-F,ipc-2023/pathwaysmetric,pfile11.pddl,True,False,3260.0,1,1282,2092,3343,1,1"
"PATTY-F,ipc-2023/pathwaysmetric,pfile13.pddl,True,False,4090.0,1,1289,2454,3885,1,1"
"PATTY-F,ipc-2023/pathwaysmetric,pfile14.pddl,True,False,4740.0,1,1547,2698,4234,1,1"
"PATTY-F,ipc-2023/pathwaysmetric,pfile15.pddl,True,False,4920.0,1,1054,3072,4873,1,1"
"PATTY-F,ipc-2023/pathwaysmetric,pfile16.pddl,True,False,10880.0,1,4158,5018,7829,1,1"
"PATTY-F,ipc-2023/pathwaysmetric,pfile18.pddl,True,False,6820.0,1,2064,3528,5487,1,1"
"PATTY-F,ipc-2023/pathwaysmetric,pfile20.pddl,True,False,8400.0,1,3284,4072,6345,1,1"
"PATTY-F,ipc-2023/pathwaysmetric,pfile21.pddl,True,False,10760.0,1,3277,5062,7957,1,1"
"PATTY-F,ipc-2023/pathwaysmetric,pfile23.pddl,True,False,9200.0,1,6211,4324,6845,1,1"
"PATTY-F,ipc-2023/pathwaysmetric,pfile24.pddl,True,False,10820.0,1,4579,4694,7278,1,1"
"PATTY-F,ipc-2023/pathwaysmetric,pfile26.pddl,True,False,14990.0,1,5066,5918,9305,1,1"
"PATTY-F,ipc-2023/pathwaysmetric,pfile27.pddl,True,False,18470.0,1,5681,6956,10896,1,1"
"PATTY-F,ipc-2023/rover,pfile1.pddl,True,False,1400.0,2,15,136,363,2,2"
"PATTY-F,ipc-2023/rover,pfile10.pddl,True,False,22830.0,5,73,398,1205,5,5"
"PATTY-F,ipc-2023/rover,pfile11.pddl,False,True,60000,-1,0,-1,-1,-1,-1"
"PATTY-F,ipc-2023/rover,pfile12.pddl,True,False,36950.0,3,152,968,3239,3,3"
"PATTY-F,ipc-2023/rover,pfile13.pddl,False,True,60000,-1,0,-1,-1,-1,-1"
"PATTY-F,ipc-2023/rover,pfile14.pddl,False,True,60000,-1,0,501,1998,89,-1"
"PATTY-F,ipc-2023/rover,pfile15.pddl,False,True,60000,-1,0,-1,-1,-1,-1"
"PATTY-F,ipc-2023/rover,pfile16.pddl,False,True,60000,-1,0,-1,-1,-1,-1"
"PATTY-F,ipc-2023/rover,pfile17.pddl,False,True,60000,-1,0,-1,-1,-1,-1"
"PATTY-F,ipc-2023/rover,pfile18.pddl,False,True,60000,-1,0,-1,-1,-1,-1"
"PATTY-F,ipc-2023/rover,pfile19.pddl,False,True,60000,-1,0,-1,-1,-1,-1"
"PATTY-F,ipc-2023/rover,pfile2.pddl,True,False,1130.0,2,17,69,194,2,2"
"PATTY-F,ipc-2023/rover,pfile20.pddl,False,True,60000,-1,0,-1,-1,-1,-1"
"PATTY-F,ipc-2023/rover,pfile3.pddl,True,False,2600.0,4,122,252,768,4,4"
"PATTY-F,ipc-2023/rover,pfile4.pddl,True,False,1340.0,1,39,184,484,1,1"
"PATTY-F,ipc-2023/rover,pfile5.pddl,True,False,2260.0,2,38,274,774,2,2"
"PATTY-F,ipc-2023/rover,pfile6.pddl,False,True,60000,-1,0,839,3102,41,-1"
"PATTY-F,ipc-2023/rover,pfile7.pddl,True,False,2970.0,3,40,424,1284,3,3"
"PATTY-F,ipc-2023/rover,pfile8.pddl,True,False,3380.0,4,55,247,729,4,4"
"PATTY-F,ipc-2023/rover,pfile9.pddl,False,True,60000,-1,0,566,2105,44,-1"
"PATTY-F,ipc-2023/sailing,instance_1_10_1229.pddl,True,False,1170.0,9,1500,86,154,9,9"
"PATTY-F,ipc-2023/sailing,instance_1_4_1229.pddl,True,False,850.0,4,929,38,64,4,4"
"PATTY-F,ipc-2023/sailing,instance_1_5_1229.pddl,True,False,800.0,5,750,46,79,5,5"
"PATTY-F,ipc-2023/sailing,instance_1_6_1229.pddl,True,False,950.0,6,1202,54,94,6,6"
"PATTY-F,ipc-2023/sailing,instance_1_7_1229.pddl,True,False,890.0,6,1462,60,107,6,6"
"PATTY-F,ipc-2023/sailing,instance_2_1_1229.pddl,True,False,660.0,1,174,24,32,1,1"
"PATTY-F,ipc-2023/sailing,instance_2_10_1229.pddl,True,False,1080.0,5,1522,106,204,5,5"
"PATTY-F,ipc-2023/sailing,instance_2_2_1229.pddl,True,False,770.0,1,197,30,45,1,1"
"PATTY-F,ipc-2023/sailing,instance_2_4_1229.pddl,True,False,730.0,2,971,48,83,2,2"
"PATTY-F,ipc-2023/sailing,instance_2_7_1229.pddl,True,False,980.0,3,1678,74,139,3,3"
"PATTY-F,ipc-2023/sailing,instance_2_8_1229.pddl,True,False,1060.0,4,2034,87,165,4,4"
"PATTY-F,ipc-2023/sailing,instance_2_9_1229.pddl,True,False,1050.0,4,1596,93,178,4,4"
"PATTY-F,ipc-2023/sailing,instance_3_4_1229.pddl,True,False,860.0,2,1312,64,114,2,2"
"PATTY-F,ipc-2023/sailing,instance_3_5_1229.pddl,True,False,900.0,2,1380,71,131,2,2"
"PATTY-F,ipc-2023/sailing,instance_3_6_1229.pddl,True,False,910.0,2,1379,78,148,2,2"
"PATTY-F,ipc-2023/sailing,instance_4_10_1229.pddl,True,False,1100.0,3,3271,146,304,3,3"
"PATTY-F,ipc-2023/sailing,instance_4_2_1229.pddl,True,False,870.0,1,405,52,79,1,1"
"PATTY-F,ipc-2023/sailing,instance_4_5_1229.pddl,True,False,940.0,2,1286,88,166,2,2"
"PATTY-F,ipc-2023/sailing,instance_4_6_1229.pddl,True,False,980.0,2,1864,96,187,2,2"
"PATTY-F,ipc-2023/sailing,instance_4_7_1229.pddl,True,False,950.0,2,2117,107,214,2,2"
"PATTY-F,ipc-2023/satellite,pfile1.pddl,False,True,60000,-1,0,-1,-1,-1,-1"
"PATTY-F,ipc-2023/satellite,pfile10.pddl,False,True,60000,-1,0,-1,-1,-1,-1"
"PATTY-F,ipc-2023/satellite,pfile11.pddl,False,True,60000,-1,0,-1,-1,-1,-1"
"PATTY-F,ipc-2023/satellite,pfile12.pddl,False,True,60000,-1,0,-1,-1,-1,-1"
"PATTY-F,ipc-2023/satellite,pfile13.pddl,False,True,60000,-1,0,-1,-1,-1,-1"
"PATTY-F,ipc-2023/satellite,pfile14.pddl,False,True,60000,-1,0,-1,-1,-1,-1"
"PATTY-F,ipc-2023/satellite,pfile15.pddl,False,True,60000,-1,0,-1,-1,-1,-1"
"PATTY-F,ipc-2023/satellite,pfile16.pddl,False,True,60000,-1,0,-1,-1,-1,-1"
"PATTY-F,ipc-2023/satellite,pfile17.pddl,False,True,60000,-1,0,-1,-1,-1,-1"
"PATTY-F,ipc-2023/satellite,pfile18.pddl,False,True,60000,-1,0,-1,-1,-1,-1"
"PATTY-F,ipc-2023/satellite,pfile19.pddl,False,True,60000,-1,0,-1,-1,-1,-1"
"PATTY-F,ipc-2023/satellite,pfile2.pddl,False,True,60000,-1,0,900,3164,91,-1"
"PATTY-F,ipc-2023/satellite,pfile20.pddl,False,True,60000,-1,0,-1,-1,-1,-1"
"PATTY-F,ipc-2023/satellite,pfile3.pddl,True,False,3650.0,5,21,330,798,5,5"
"PATTY-F,ipc-2023/satellite,pfile4.pddl,False,True,60000,-1,0,-1,-1,-1,-1"
"PATTY-F,ipc-2023/satellite,pfile5.pddl,True,False,5740.0,2,36,769,2077,2,2"
"PATTY-F,ipc-2023/satellite,pfile6.pddl,False,True,60000,-1,0,-1,-1,-1,-1"
"PATTY-F,ipc-2023/satellite,pfile7.pddl,False,True,60000,-1,0,-1,-1,-1,-1"
"PATTY-F,ipc-2023/satellite,pfile8.pddl,False,True,60000,-1,0,-1,-1,-1,-1"
"PATTY-F,ipc-2023/satellite,pfile9.pddl,False,True,60000,-1,0,-1,-1,-1,-1"
"PATTY-F,ipc-2023/sugar,pfile01.pddl,True,False,3590.0,3,27,678,1994,3,3"
"PATTY-F,ipc-2023/sugar,pfile02.pddl,True,False,5690.0,5,78,809,2440,5,5"
"PATTY-F,ipc-2023/sugar,pfile03.pddl,True,False,8840.0,4,52,979,3043,4,4"
"PATTY-F,ipc-2023/sugar,pfile04.pddl,True,False,10890.0,6,56,1093,3400,6,6"
"PATTY-F,ipc-2023/sugar,pfile05.pddl,True,False,4820.0,4,46,702,2013,4,4"
"PATTY-F,ipc-2023/sugar,pfile06.pddl,True,False,2500.0,2,46,681,1931,2,2"
"PATTY-F,ipc-2023/sugar,pfile07.pddl,True,False,5180.0,4,55,870,2615,4,4"
"PATTY-F,ipc-2023/sugar,pfile08.pddl,True,False,3700.0,3,45,463,1166,3,3"
"PATTY-F,ipc-2023/sugar,pfile09.pddl,True,False,3020.0,2,35,681,1932,2,2"
"PATTY-F,ipc-2023/sugar,pfile10.pddl,True,False,5520.0,4,62,690,1972,4,4"
"PATTY-F,ipc-2023/sugar,pfile11.pddl,True,False,3200.0,3,31,679,1939,3,3"
"PATTY-F,ipc-2023/sugar,pfile12.pddl,True,False,15010.0,7,67,958,2919,7,7"
"PATTY-F,ipc-2023/sugar,pfile13.pddl,True,False,3350.0,3,47,466,1173,3,3"
"PATTY-F,ipc-2023/sugar,pfile14.pddl,True,False,6810.0,6,64,686,1956,6,6"
"PATTY-F,ipc-2023/sugar,pfile15.pddl,True,False,4790.0,4,58,706,2026,4,4"
"PATTY-F,ipc-2023/sugar,pfile16.pddl,True,False,8210.0,6,54,951,2891,6,6"
"PATTY-F,ipc-2023/sugar,pfile17.pddl,True,False,4910.0,4,43,702,2009,4,4"
"PATTY-F,ipc-2023/sugar,pfile18.pddl,True,False,4470.0,4,52,474,1196,4,4"
"PATTY-F,ipc-2023/sugar,pfile19.pddl,True,False,8070.0,6,82,718,2070,6,6"
"PATTY-F,ipc-2023/sugar,pfile20.pddl,True,False,5100.0,4,66,705,2020,4,4"
"PATTY-F,ipc-2023/tpp,p02.pddl,True,False,1040.0,2,10,153,319,2,2"
"PATTY-F,ipc-2023/tpp,p04.pddl,True,False,1140.0,2,15,198,397,2,2"
"PATTY-F,ipc-2023/tpp,p06.pddl,True,False,30810.0,5,40,797,1895,5,5"
"PATTY-F,ipc-2023/tpp,p07.pddl,False,True,60000,-1,0,-1,-1,-1,-1"
"PATTY-F,ipc-2023/tpp,p17.pddl,False,True,60000,-1,0,-1,-1,-1,-1"
"PATTY-F,ipc-2023/tpp,p18.pddl,False,True,60000,-1,0,-1,-1,-1,-1"
"PATTY-F,ipc-2023/tpp,p20.pddl,False,True,60000,-1,0,-1,-1,-1,-1"
"PATTY-F,ipc-2023/tpp,p21.pddl,False,True,60000,-1,0,-1,-1,-1,-1"
"PATTY-F,ipc-2023/tpp,p22.pddl,False,True,60000,-1,0,-1,-1,-1,-1"
"PATTY-F,ipc-2023/tpp,p24.pddl,False,True,60000,-1,0,-1,-1,-1,-1"
"PATTY-F,ipc-2023/tpp,p25.pddl,False,True,60000,-1,0,-1,-1,-1,-1"
"PATTY-F,ipc-2023/tpp,p28.pddl,False,True,60000,-1,0,-1,-1,-1,-1"
"PATTY-F,ipc-2023/tpp,p29.pddl,False,True,60000,-1,0,-1,-1,-1,-1"
"PATTY-F,ipc-2023/tpp,p30.pddl,False,True,60000,-1,0,-1,-1,-1,-1"
"PATTY-F,ipc-2023/tpp,p33.pddl,False,True,60000,-1,0,-1,-1,-1,-1"
"PATTY-F,ipc-2023/tpp,p34.pddl,False,True,60000,-1,0,-1,-1,-1,-1"
"PATTY-F,ipc-2023/tpp,p36.pddl,False,True,60000,-1,0,-1,-1,-1,-1"
"PATTY-F,ipc-2023/tpp,p37.pddl,False,True,60000,-1,0,-1,-1,-1,-1"
"PATTY-F,ipc-2023/tpp,p38.pddl,False,True,60000,-1,0,-1,-1,-1,-1"
"PATTY-F,ipc-2023/tpp,p39.pddl,False,True,60000,-1,0,-1,-1,-1,-1"
"PATTY-F,ipc-2023/zenotravel,pfile1.pddl,True,False,910.0,2,9,84,200,2,2"
"PATTY-F,ipc-2023/zenotravel,pfile10.pddl,True,False,2290.0,2,32,549,1706,2,2"
"PATTY-F,ipc-2023/zenotravel,pfile11.pddl,True,False,2020.0,1,19,632,1986,1,1"
"PATTY-F,ipc-2023/zenotravel,pfile12.pddl,True,False,6280.0,2,36,690,2185,2,2"
"PATTY-F,ipc-2023/zenotravel,pfile13.pddl,True,False,14870.0,3,39,802,2567,3,3"
"PATTY-F,ipc-2023/zenotravel,pfile15.pddl,False,True,60000,-1,0,-1,-1,-1,-1"
"PATTY-F,ipc-2023/zenotravel,pfile16.pddl,False,True,60000,-1,0,-1,-1,-1,-1"
"PATTY-F,ipc-2023/zenotravel,pfile17.pddl,False,True,60000,-1,0,-1,-1,-1,-1"
"PATTY-F,ipc-2023/zenotravel,pfile18.pddl,False,True,60000,-1,0,-1,-1,-1,-1"
"PATTY-F,ipc-2023/zenotravel,pfile19.pddl,False,True,60000,-1,0,-1,-1,-1,-1"
"PATTY-F,ipc-2023/zenotravel,pfile2.pddl,True,False,960.0,2,6,78,176,2,2"
"PATTY-F,ipc-2023/zenotravel,pfile20.pddl,False,True,60000,-1,0,-1,-1,-1,-1"
"PATTY-F,ipc-2023/zenotravel,pfile21.pddl,False,True,60000,-1,0,-1,-1,-1,-1"
"PATTY-F,ipc-2023/zenotravel,pfile22.pddl,False,True,60000,-1,0,-1,-1,-1,-1"
"PATTY-F,ipc-2023/zenotravel,pfile23.pddl,False,True,60000,-1,0,-1,-1,-1,-1"
"PATTY-F,ipc-2023/zenotravel,pfile3.pddl,True,False,950.0,1,7,149,393,1,1"
"PATTY-F,ipc-2023/zenotravel,pfile4.pddl,True,False,990.0,2,12,176,482,2,2"
"PATTY-F,ipc-2023/zenotravel,pfile5.pddl,True,False,1160.0,1,14,208,579,1,1"
"PATTY-F,ipc-2023/zenotravel,pfile6.pddl,True,False,1440.0,2,17,241,686,2,2"
"PATTY-F,ipc-2023/zenotravel,pfile8.pddl,True,False,1560.0,1,16,451,1374,1,1"
"PATTY-G,ipc-2023/block-grouping,instance_100_20_5_1.pddl,True,False,1340.0,1,1807,168,413,1,0"
"PATTY-G,ipc-2023/block-grouping,instance_100_25_6_2.pddl,True,False,1500.0,1,2246,208,513,1,0"
"PATTY-G,ipc-2023/block-grouping,instance_11_10_2_3.pddl,True,False,830.0,1,212,88,213,1,0"
"PATTY-G,ipc-2023/block-grouping,instance_11_30_7_2.pddl,True,False,1920.0,1,366,248,613,1,0"
"PATTY-G,ipc-2023/block-grouping,instance_11_35_8_3.pddl,True,False,2510.0,1,393,288,713,1,0"
"PATTY-G,ipc-2023/block-grouping,instance_11_40_10_1.pddl,True,False,2780.0,1,461,328,813,1,0"
"PATTY-G,ipc-2023/block-grouping,instance_15_10_2_3.pddl,True,False,950.0,1,174,88,213,1,0"
"PATTY-G,ipc-2023/block-grouping,instance_15_25_6_3.pddl,True,False,1670.0,1,361,208,513,1,0"
"PATTY-G,ipc-2023/block-grouping,instance_20_10_2_1.pddl,True,False,950.0,1,322,88,213,1,0"
"PATTY-G,ipc-2023/block-grouping,instance_20_10_2_3.pddl,True,False,940.0,1,186,88,213,1,0"
"PATTY-G,ipc-2023/block-grouping,instance_20_15_3_2.pddl,True,False,1100.0,1,346,128,313,1,0"
"PATTY-G,ipc-2023/block-grouping,instance_20_30_7_2.pddl,True,False,1920.0,1,565,248,613,1,0"
"PATTY-G,ipc-2023/block-grouping,instance_20_40_10_2.pddl,True,False,2730.0,1,816,328,813,1,0"
"PATTY-G,ipc-2023/block-grouping,instance_20_5_2_1.pddl,True,False,920.0,1,180,48,113,1,0"
"PATTY-G,ipc-2023/block-grouping,instance_20_5_2_2.pddl,True,False,730.0,1,80,48,113,1,0"
"PATTY-G,ipc-2023/block-grouping,instance_25_15_3_1.pddl,True,False,1100.0,1,540,128,313,1,0"
"PATTY-G,ipc-2023/block-grouping,instance_25_35_8_1.pddl,True,False,2400.0,1,916,288,713,1,0"
"PATTY-G,ipc-2023/block-grouping,instance_25_40_10_3.pddl,True,False,2830.0,1,981,328,813,1,0"
"PATTY-G,ipc-2023/block-grouping,instance_5_25_6_1.pddl,True,False,1650.0,1,173,208,513,1,0"
"PATTY-G,ipc-2023/block-grouping,instance_7_10_2_1.pddl,True,False,960.0,1,103,88,213,1,0"
"PATTY-G,ipc-2023/counters,fz_instance_12.pddl,True,False,880.0,1,88,50,124,1,0"
"PATTY-G,ipc-2023/counters,fz_instance_4.pddl,True,False,840.0,1,12,18,44,1,0"
"PATTY-G,ipc-2023/counters,fz_instance_40.pddl,True,False,1030.0,1,858,162,404,1,0"
"PATTY-G,ipc-2023/counters,inv_instance_12.pddl,True,False,860.0,1,172,50,124,1,0"
"PATTY-G,ipc-2023/counters,inv_instance_16.pddl,True,False,900.0,1,288,66,164,1,0"
"PATTY-G,ipc-2023/counters,inv_instance_36.pddl,True,False,960.0,1,1424,146,364,1,0"
"PATTY-G,ipc-2023/counters,inv_instance_4.pddl,True,False,670.0,1,30,18,44,1,0"
"PATTY-G,ipc-2023/counters,rnd_instance_12_3.pddl,True,False,710.0,1,170,50,124,1,0"
"PATTY-G,ipc-2023/counters,rnd_instance_20_1.pddl,True,False,930.0,1,767,82,204,1,0"
"PATTY-G,ipc-2023/counters,rnd_instance_24_1.pddl,True,False,800.0,1,963,98,244,1,0"
"PATTY-G,ipc-2023/counters,rnd_instance_28_1.pddl,True,False,1000.0,1,1627,114,284,1,0"
"PATTY-G,ipc-2023/counters,rnd_instance_32_1.pddl,True,False,1030.0,1,2095,130,324,1,0"
"PATTY-G,ipc-2023/counters,rnd_instance_32_2.pddl,True,False,1020.0,1,1975,130,324,1,0"
"PATTY-G,ipc-2023/counters,rnd_instance_36_2.pddl,True,False,1030.0,1,2767,146,364,1,0"
"PATTY-G,ipc-2023/counters,rnd_instance_4_1.pddl,True,False,800.0,1,30,18,44,1,0"
"PATTY-G,ipc-2023/counters,rnd_instance_40_1.pddl,True,False,1040.0,1,2857,162,404,1,0"
"PATTY-G,ipc-2023/counters,rnd_instance_40_2.pddl,True,False,1060.0,1,3270,162,404,1,0"
"PATTY-G,ipc-2023/counters,rnd_instance_40_3.pddl,True,False,1010.0,1,2719,162,404,1,0"
"PATTY-G,ipc-2023/counters,rnd_instance_8_2.pddl,True,False,850.0,1,115,34,84,1,0"
"PATTY-G,ipc-2023/counters,rnd_instance_8_3.pddl,True,False,800.0,1,113,34,84,1,0"
"PATTY-G,ipc-2023/delivery,prob01.pddl,True,False,1560.0,2,12,348,1171,2,1"
"PATTY-G,ipc-2023/delivery,prob02.pddl,True,False,4850.0,4,24,900,3309,4,3"
"PATTY-G,ipc-2023/delivery,prob03.pddl,True,False,6040.0,4,26,1180,4359,4,3"
"PATTY-G,ipc-2023/delivery,prob04.pddl,False,True,60000,-1,0,-1,-1,-1,-1"
"PATTY-G,ipc-2023/delivery,prob05.pddl,False,True,60000,-1,0,-1,-1,-1,-1"
"PATTY-G,ipc-2023/delivery,prob07.pddl,False,True,60000,-1,0,-1,-1,-1,-1"
"PATTY-G,ipc-2023/delivery,prob08.pddl,False,True,60000,-1,0,-1,-1,-1,-1"
"PATTY-G,ipc-2023/delivery,prob09.pddl,False,True,60000,-1,0,-1,-1,-1,-1"
"PATTY-G,ipc-2023/delivery,prob10.pddl,False,True,60000,-1,0,-1,-1,-1,-1"
"PATTY-G,ipc-2023/delivery,prob11.pddl,False,True,60000,-1,0,-1,-1,-1,-1"
"PATTY-G,ipc-2023/delivery,prob12.pddl,False,True,60000,-1,0,-1,-1,-1,-1"
"PATTY-G,ipc-2023/delivery,prob13.pddl,False,True,60000,-1,0,-1,-1,-1,-1"
"PATTY-G,ipc-2023/delivery,prob14.pddl,False,True,60000,-1,0,-1,-1,-1,-1"
"PATTY-G,ipc-2023/delivery,prob16.pddl,False,True,60000,-1,0,-1,-1,-1,-1"
"PATTY-G,ipc-2023/delivery,prob17.pddl,False,True,60000,-1,0,-1,-1,-1,-1"
"PATTY-G,ipc-2023/delivery,prob18.pddl,False,True,60000,-1,0,-1,-1,-1,-1"
"PATTY-G,ipc-2023/delivery,prob19.pddl,False,True,60000,-1,0,-1,-1,-1,-1"
"PATTY-G,ipc-2023/delivery,prob20.pddl,False,True,60000,-1,0,-1,-1,-1,-1"
"PATTY-G,ipc-2023/drone,problem_1_1_2.pddl,True,False,970.0,3,8,68,149,3,2"
"PATTY-G,ipc-2023/drone,problem_1_1_4.pddl,True,False,980.0,5,13,114,261,5,4"
"PATTY-G,ipc-2023/drone,problem_1_8_1.pddl,True,False,3550.0,9,43,230,557,9,8"
"PATTY-G,ipc-2023/drone,problem_1_9_3.pddl,False,True,60000,-1,0,-1,-1,-1,-1"
"PATTY-G,ipc-2023/drone,problem_10_10_3.pddl,False,True,60000,-1,0,-1,-1,-1,-1"
"PATTY-G,ipc-2023/drone,problem_2_5_4.pddl,False,True,60000,-1,0,-1,-1,-1,-1"
"PATTY-G,ipc-2023/drone,problem_2_8_3.pddl,False,True,60000,-1,0,-1,-1,-1,-1"
"PATTY-G,ipc-2023/drone,problem_2_9_1.pddl,False,True,60000,-1,0,-1,-1,-1,-1"
"PATTY-G,ipc-2023/drone,problem_3_3_4.pddl,False,True,60000,-1,0,-1,-1,-1,-1"
"PATTY-G,ipc-2023/drone,problem_4_2_5.pddl,False,True,60000,-1,0,-1,-1,-1,-1"
"PATTY-G,ipc-2023/drone,problem_4_9_5.pddl,False,True,60000,-1,0,-1,-1,-1,-1"
"PATTY-G,ipc-2023/drone,problem_5_10_1.pddl,False,True,60000,-1,0,-1,-1,-1,-1"
"PATTY-G,ipc-2023/drone,problem_5_2_2.pddl,False,True,60000,-1,0,-1,-1,-1,-1"
"PATTY-G,ipc-2023/drone,problem_6_8_1.pddl,False,True,60000,-1,0,-1,-1,-1,-1"
"PATTY-G,ipc-2023/drone,problem_7_6_4.pddl,False,True,60000,-1,0,-1,-1,-1,-1"
"PATTY-G,ipc-2023/drone,problem_8_1_2.pddl,False,True,60000,-1,0,-1,-1,-1,-1"
"PATTY-G,ipc-2023/drone,problem_8_1_4.pddl,False,True,60000,-1,0,-1,-1,-1,-1"
"PATTY-G,ipc-2023/drone,problem_8_1_5.pddl,False,True,60000,-1,0,-1,-1,-1,-1"
"PATTY-G,ipc-2023/drone,problem_8_7_1.pddl,False,True,60000,-1,0,-1,-1,-1,-1"
"PATTY-G,ipc-2023/drone,problem_9_7_3.pddl,False,True,60000,-1,0,-1,-1,-1,-1"
"PATTY-G,ipc-2023/expedition,pfile1.pddl,True,False,3760.0,6,50,320,983,6,5"
"PATTY-G,ipc-2023/expedition,pfile10.pddl,False,True,60000,-1,0,-1,-1,-1,-1"
"PATTY-G,ipc-2023/expedition,pfile11.pddl,True,False,16660.0,6,52,303,954,6,5"
"PATTY-G,ipc-2023/expedition,pfile12.pddl,False,True,60000,-1,0,-1,-1,-1,-1"
"PATTY-G,ipc-2023/expedition,pfile13.pddl,False,True,60000,-1,0,-1,-1,-1,-1"
"PATTY-G,ipc-2023/expedition,pfile14.pddl,False,True,60000,-1,0,-1,-1,-1,-1"
"PATTY-G,ipc-2023/expedition,pfile15.pddl,False,True,60000,-1,0,-1,-1,-1,-1"
"PATTY-G,ipc-2023/expedition,pfile16.pddl,False,True,60000,-1,0,-1,-1,-1,-1"
"PATTY-G,ipc-2023/expedition,pfile17.pddl,False,True,60000,-1,0,-1,-1,-1,-1"
"PATTY-G,ipc-2023/expedition,pfile18.pddl,False,True,60000,-1,0,-1,-1,-1,-1"
"PATTY-G,ipc-2023/expedition,pfile19.pddl,False,True,60000,-1,0,-1,-1,-1,-1"
"PATTY-G,ipc-2023/expedition,pfile2.pddl,False,True,60000,-1,0,-1,-1,-1,-1"
"PATTY-G,ipc-2023/expedition,pfile20.pddl,False,True,60000,-1,0,-1,-1,-1,-1"
"PATTY-G,ipc-2023/expedition,pfile3.pddl,False,True,60000,-1,0,-1,-1,-1,-1"
"PATTY-G,ipc-2023/expedition,pfile4.pddl,False,True,60000,-1,0,-1,-1,-1,-1"
"PATTY-G,ipc-2023/expedition,pfile5.pddl,False,True,60000,-1,0,-1,-1,-1,-1"
"PATTY-G,ipc-2023/expedition,pfile6.pddl,False,True,60000,-1,0,-1,-1,-1,-1"
"PATTY-G,ipc-2023/expedition,pfile7.pddl,False,True,60000,-1,0,-1,-1,-1,-1"
"PATTY-G,ipc-2023/expedition,pfile8.pddl,False,True,60000,-1,0,-1,-1,-1,-1"
"PATTY-G,ipc-2023/expedition,pfile9.pddl,False,True,60000,-1,0,-1,-1,-1,-1"
"PATTY-G,ipc-2023/ext-plant-watering,instance_10_11_2_1.pddl,False,True,60000,-1,0,-1,-1,-1,-1"
"PATTY-G,ipc-2023/ext-plant-watering,instance_10_17_2_1.pddl,False,True,60000,-1,0,-1,-1,-1,-1"
"PATTY-G,ipc-2023/ext-plant-watering,instance_10_5_2_1.pddl,True,False,3030.0,7,232,260,685,7,6"
"PATTY-G,ipc-2023/ext-plant-watering,instance_10_7_2_1.pddl,True,False,8500.0,9,406,364,979,9,8"
"PATTY-G,ipc-2023/ext-plant-watering,instance_11_17_2_1.pddl,False,True,60000,-1,0,-1,-1,-1,-1"
"PATTY-G,ipc-2023/ext-plant-watering,instance_11_5_2_1.pddl,True,False,3540.0,7,223,260,685,7,6"
"PATTY-G,ipc-2023/ext-plant-watering,instance_12_15_2_1.pddl,False,True,60000,-1,0,-1,-1,-1,-1"
"PATTY-G,ipc-2023/ext-plant-watering,instance_12_17_2_1.pddl,False,True,60000,-1,0,-1,-1,-1,-1"
"PATTY-G,ipc-2023/ext-plant-watering,instance_12_19_2_1.pddl,False,True,60000,-1,0,-1,-1,-1,-1"
"PATTY-G,ipc-2023/ext-plant-watering,instance_12_7_2_1.pddl,True,False,8350.0,8,399,332,883,8,7"
"PATTY-G,ipc-2023/ext-plant-watering,instance_13_13_2_1.pddl,False,True,60000,-1,0,-1,-1,-1,-1"
"PATTY-G,ipc-2023/ext-plant-watering,instance_13_15_2_1.pddl,False,True,60000,-1,0,-1,-1,-1,-1"
"PATTY-G,ipc-2023/ext-plant-watering,instance_13_9_2_1.pddl,False,True,60000,-1,0,-1,-1,-1,-1"
"PATTY-G,ipc-2023/ext-plant-watering,instance_14_13_2_1.pddl,False,True,60000,-1,0,-1,-1,-1,-1"
"PATTY-G,ipc-2023/ext-plant-watering,instance_14_17_2_1.pddl,False,True,60000,-1,0,-1,-1,-1,-1"
"PATTY-G,ipc-2023/ext-plant-watering,instance_14_19_2_1.pddl,False,True,60000,-1,0,-1,-1,-1,-1"
"PATTY-G,ipc-2023/ext-plant-watering,instance_15_15_2_1.pddl,False,True,60000,-1,0,-1,-1,-1,-1"
"PATTY-G,ipc-2023/ext-plant-watering,instance_15_17_2_1.pddl,False,True,60000,-1,0,-1,-1,-1,-1"
"PATTY-G,ipc-2023/ext-plant-watering,instance_15_19_2_1.pddl,False,True,60000,-1,0,-1,-1,-1,-1"
"PATTY-G,ipc-2023/ext-plant-watering,instance_15_7_2_1.pddl,True,False,10320.0,7,393,300,787,7,6"
"PATTY-G,ipc-2023/farmland,instance_10_500_1229.pddl,True,False,1060.0,1,1040,100,215,1,0"
"PATTY-G,ipc-2023/farmland,instance_10_700_1229.pddl,True,False,1090.0,1,1342,100,215,1,0"
"PATTY-G,ipc-2023/farmland,instance_2_300_1229.pddl,True,False,870.0,1,185,12,23,1,0"
"PATTY-G,ipc-2023/farmland,instance_2_600_1229.pddl,True,False,840.0,1,357,12,23,1,0"
"PATTY-G,ipc-2023/farmland,instance_2_700_1229.pddl,True,False,800.0,1,414,12,23,1,0"
"PATTY-G,ipc-2023/farmland,instance_4_200_1229.pddl,True,False,960.0,1,506,34,71,1,0"
"PATTY-G,ipc-2023/farmland,instance_4_300_1229.pddl,True,False,890.0,1,763,34,71,1,0"
"PATTY-G,ipc-2023/farmland,instance_4_400_1229.pddl,True,False,830.0,1,1020,34,71,1,0"
"PATTY-G,ipc-2023/farmland,instance_4_600_1229.pddl,True,False,860.0,1,1534,34,71,1,0"
"PATTY-G,ipc-2023/farmland,instance_4_700_1229.pddl,True,False,910.0,1,1791,34,71,1,0"
"PATTY-G,ipc-2023/farmland,instance_4_800_1229.pddl,True,False,990.0,1,2048,34,71,1,0"
"PATTY-G,ipc-2023/farmland,instance_6_100_1229.pddl,True,False,990.0,1,267,56,119,1,0"
"PATTY-G,ipc-2023/farmland,instance_6_200_1229.pddl,True,False,900.0,1,512,56,119,1,0"
"PATTY-G,ipc-2023/farmland,instance_6_400_1229.pddl,True,False,770.0,1,1069,56,119,1,0"
"PATTY-G,ipc-2023/farmland,instance_6_500_1229.pddl,True,False,810.0,1,1326,56,119,1,0"
"PATTY-G,ipc-2023/farmland,instance_6_600_1229.pddl,True,False,1000.0,1,1583,56,119,1,0"
"PATTY-G,ipc-2023/farmland,instance_6_900_1229.pddl,True,False,950.0,1,2354,56,119,1,0"
"PATTY-G,ipc-2023/farmland,instance_8_200_1229.pddl,True,False,1030.0,1,528,78,167,1,0"
"PATTY-G,ipc-2023/farmland,instance_8_400_1229.pddl,True,False,850.0,1,998,78,167,1,0"
"PATTY-G,ipc-2023/farmland,instance_8_700_1229.pddl,True,False,1020.0,1,1771,78,167,1,0"
"PATTY-G,ipc-2023/fo_counters,instance_10.pddl,True,False,910.0,1,93,84,176,1,0"
"PATTY-G,ipc-2023/fo_counters,instance_11.pddl,True,False,970.0,1,114,92,193,1,0"
"PATTY-G,ipc-2023/fo_counters,instance_12.pddl,True,False,960.0,1,143,100,210,1,0"
"PATTY-G,ipc-2023/fo_counters,instance_13.pddl,True,False,820.0,1,122,108,227,1,0"
"PATTY-G,ipc-2023/fo_counters,instance_14.pddl,True,False,1040.0,1,109,116,244,1,0"
"PATTY-G,ipc-2023/fo_counters,instance_15.pddl,True,False,840.0,1,125,124,261,1,0"
"PATTY-G,ipc-2023/fo_counters,instance_16.pddl,True,False,1060.0,1,190,132,278,1,0"
"PATTY-G,ipc-2023/fo_counters,instance_17.pddl,True,False,990.0,1,144,140,295,1,0"
"PATTY-G,ipc-2023/fo_counters,instance_18.pddl,True,False,1100.0,1,163,148,312,1,0"
"PATTY-G,ipc-2023/fo_counters,instance_19.pddl,True,False,2560.0,1,341,156,329,1,0"
"PATTY-G,ipc-2023/fo_counters,instance_2.pddl,True,False,830.0,1,13,20,40,1,0"
"PATTY-G,ipc-2023/fo_counters,instance_20.pddl,True,False,990.0,1,192,164,346,1,0"
"PATTY-G,ipc-2023/fo_counters,instance_21.pddl,True,False,1170.0,1,200,172,363,1,0"
"PATTY-G,ipc-2023/fo_counters,instance_3.pddl,True,False,860.0,1,24,28,57,1,0"
"PATTY-G,ipc-2023/fo_counters,instance_4.pddl,True,False,710.0,1,38,36,74,1,0"
"PATTY-G,ipc-2023/fo_counters,instance_5.pddl,True,False,720.0,1,51,44,91,1,0"
"PATTY-G,ipc-2023/fo_counters,instance_6.pddl,True,False,730.0,1,43,52,108,1,0"
"PATTY-G,ipc-2023/fo_counters,instance_7.pddl,True,False,890.0,1,66,60,125,1,0"
"PATTY-G,ipc-2023/fo_counters,instance_8.pddl,True,False,920.0,1,92,68,142,1,0"
"PATTY-G,ipc-2023/fo_counters,instance_9.pddl,True,False,870.0,1,84,76,159,1,0"
"PATTY-G,ipc-2023/fo-farmland,instance_10_100_1229.pddl,False,True,60000,-1,0,-1,-1,-1,-1"
"PATTY-G,ipc-2023/fo-farmland,instance_10_200_1229.pddl,True,False,2300.0,1,421,104,212,1,0"
"PATTY-G,ipc-2023/fo-farmland,instance_10_400_1229.pddl,True,False,10170.0,1,874,104,212,1,0"
"PATTY-G,ipc-2023/fo-farmland,instance_2_200_1229.pddl,True,False,840.0,1,252,16,28,1,0"
"PATTY-G,ipc-2023/fo-farmland,instance_2_400_1229.pddl,True,False,820.0,1,502,16,28,1,0"
"PATTY-G,ipc-2023/fo-farmland,instance_4_1000_1229.pddl,True,False,930.0,1,2499,38,74,1,0"
"PATTY-G,ipc-2023/fo-farmland,instance_4_300_1229.pddl,True,False,1160.0,1,517,38,74,1,0"
"PATTY-G,ipc-2023/fo-farmland,instance_4_400_1229.pddl,True,False,870.0,1,571,38,74,1,0"
"PATTY-G,ipc-2023/fo-farmland,instance_4_800_1229.pddl,True,False,1100.0,1,2184,38,74,1,0"
"PATTY-G,ipc-2023/fo-farmland,instance_6_100_1229.pddl,True,False,7130.0,1,252,60,120,1,0"
"PATTY-G,ipc-2023/fo-farmland,instance_6_400_1229.pddl,True,False,5910.0,1,1099,60,120,1,0"
"PATTY-G,ipc-2023/fo-farmland,instance_6_600_1229.pddl,True,False,1840.0,1,1806,60,120,1,0"
"PATTY-G,ipc-2023/fo-farmland,instance_6_800_1229.pddl,True,False,8370.0,1,395,60,120,1,0"
"PATTY-G,ipc-2023/fo-farmland,instance_6_900_1229.pddl,True,False,1510.0,1,1371,60,120,1,0"
"PATTY-G,ipc-2023/fo-farmland,instance_8_300_1229.pddl,True,False,2110.0,1,380,82,166,1,0"
"PATTY-G,ipc-2023/fo-farmland,instance_8_400_1229.pddl,True,False,2680.0,1,693,82,166,1,0"
"PATTY-G,ipc-2023/fo-farmland,instance_8_500_1229.pddl,True,False,1880.0,1,253,82,166,1,0"
"PATTY-G,ipc-2023/fo-farmland,instance_8_600_1229.pddl,True,False,2630.0,1,1325,82,166,1,0"
"PATTY-G,ipc-2023/fo-farmland,instance_8_700_1229.pddl,True,False,2710.0,1,799,82,166,1,0"
"PATTY-G,ipc-2023/fo-farmland,instance_8_900_1229.pddl,True,False,1350.0,1,1847,82,166,1,0"
"PATTY-G,ipc-2023/fo-sailing,instance_1_1_1229.pddl,True,False,870.0,1,68,19,43,1,0"
"PATTY-G,ipc-2023/fo-sailing,instance_1_2_1229.pddl,True,False,860.0,2,337,35,87,2,1"
"PATTY-G,ipc-2023/fo-sailing,instance_1_3_1229.pddl,True,False,15740.0,3,4951,53,139,3,2"
"PATTY-G,ipc-2023/fo-sailing,instance_1_4_1229.pddl,True,False,51450.0,4,1604,73,199,4,3"
"PATTY-G,ipc-2023/fo-sailing,instance_2_1_1229.pddl,True,False,910.0,1,78,33,79,1,0"
"PATTY-G,ipc-2023/fo-sailing,instance_2_2_1229.pddl,True,False,910.0,1,139,39,92,1,0"
"PATTY-G,ipc-2023/fo-sailing,instance_2_3_1229.pddl,True,False,10480.0,2,3343,69,183,2,1"
"PATTY-G,ipc-2023/fo-sailing,instance_2_4_1229.pddl,True,False,2090.0,2,3149,77,204,2,1"
"PATTY-G,ipc-2023/fo-sailing,instance_3_1_1229.pddl,True,False,890.0,1,751,47,115,1,0"
"PATTY-G,ipc-2023/fo-sailing,instance_3_2_1229.pddl,True,False,990.0,1,244,54,132,1,0"
"PATTY-G,ipc-2023/fo-sailing,instance_3_3_1229.pddl,True,False,1030.0,1,705,61,149,1,0"
"PATTY-G,ipc-2023/fo-sailing,instance_3_4_1229.pddl,True,False,51330.0,2,37700,107,295,2,1"
"PATTY-G,ipc-2023/fo-sailing,instance_4_1_1229.pddl,True,False,950.0,1,402,61,151,1,0"
"PATTY-G,ipc-2023/fo-sailing,instance_4_2_1229.pddl,True,False,980.0,1,292,69,172,1,0"
"PATTY-G,ipc-2023/fo-sailing,instance_4_3_1229.pddl,True,False,1080.0,1,286,77,193,1,0"
"PATTY-G,ipc-2023/fo-sailing,instance_4_4_1229.pddl,False,True,60000,-1,0,-1,-1,-1,-1"
"PATTY-G,ipc-2023/fo-sailing,instance_5_1_1229.pddl,True,False,1150.0,1,200,75,187,1,0"
"PATTY-G,ipc-2023/fo-sailing,instance_5_2_1229.pddl,True,False,1520.0,1,3012,84,212,1,0"
"PATTY-G,ipc-2023/fo-sailing,instance_5_3_1229.pddl,True,False,1530.0,1,4000,93,237,1,0"
"PATTY-G,ipc-2023/fo-sailing,instance_5_4_1229.pddl,True,False,1050.0,1,669,102,262,1,0"
"PATTY-G,ipc-2023/hydropower,pfile01.pddl,True,False,10200.0,1,66,352,725,1,0"
"PATTY-G,ipc-2023/hydropower,pfile02.pddl,True,False,19110.0,1,44,352,725,1,0"
"PATTY-G,ipc-2023/hydropower,pfile04.pddl,True,False,12420.0,1,54,352,725,1,0"
"PATTY-G,ipc-2023/hydropower,pfile05.pddl,True,False,21310.0,1,80,352,725,1,0"
"PATTY-G,ipc-2023/hydropower,pfile06.pddl,True,False,13380.0,1,66,352,725,1,0"
"PATTY-G,ipc-2023/hydropower,pfile07.pddl,True,False,15240.0,1,90,352,725,1,0"
"PATTY-G,ipc-2023/hydropower,pfile08.pddl,True,False,21830.0,1,80,352,725,1,0"
"PATTY-G,ipc-2023/hydropower,pfile09.pddl,True,False,12130.0,1,88,352,725,1,0"
"PATTY-G,ipc-2023/hydropower,pfile11.pddl,True,False,8940.0,1,145,352,725,1,0"
"PATTY-G,ipc-2023/hydropower,pfile12.pddl,True,False,14860.0,1,164,352,725,1,0"
"PATTY-G,ipc-2023/hydropower,pfile13.pddl,True,False,9730.0,1,153,352,725,1,0"
"PATTY-G,ipc-2023/hydropower,pfile14.pddl,True,False,7890.0,1,200,352,725,1,0"
"PATTY-G,ipc-2023/hydropower,pfile18.pddl,True,False,10350.0,1,266,352,725,1,0"
"PATTY-G,ipc-2023/hydropower,pfile19.pddl,True,False,10410.0,1,295,352,725,1,0"
"PATTY-G,ipc-2023/hydropower,pfile20.pddl,True,False,7820.0,1,314,352,725,1,0"
"PATTY-G,ipc-2023/hydropower,pfile22.pddl,True,False,12830.0,1,380,352,725,1,0"
"PATTY-G,ipc-2023/hydropower,pfile23.pddl,True,False,14360.0,1,358,352,725,1,0"
"PATTY-G,ipc-2023/hydropower,pfile24.pddl,True,False,10750.0,1,412,352,725,1,0"
"PATTY-G,ipc-2023/hydropower,pfile27.pddl,True,False,12630.0,1,372,352,725,1,0"
"PATTY-G,ipc-2023/hydropower,pfile28.pddl,True,False,13210.0,1,526,352,725,1,0"
"PATTY-G,ipc-2023/mprime,pfile01.pddl,True,False,1300.0,2,75,225,664,2,1"
"PATTY-G,ipc-2023/mprime,pfile02.pddl,True,False,31850.0,2,59,2790,10187,2,1"
"PATTY-G,ipc-2023/mprime,pfile04.pddl,True,False,2790.0,2,113,674,2083,2,1"
"PATTY-G,ipc-2023/mprime,pfile05.pddl,True,False,19850.0,2,52,2448,8897,2,1"
"PATTY-G,ipc-2023/mprime,pfile09.pddl,True,False,7420.0,2,74,1875,6776,2,1"
"PATTY-G,ipc-2023/mprime,pfile13.pddl,False,True,60000,-1,0,-1,-1,-1,-1"
"PATTY-G,ipc-2023/mprime,pfile14.pddl,False,True,60000,-1,0,-1,-1,-1,-1"
"PATTY-G,ipc-2023/mprime,pfile15.pddl,False,True,60000,-1,0,-1,-1,-1,-1"
"PATTY-G,ipc-2023/mprime,pfile16.pddl,True,False,11000.0,1,81,1976,6881,1,0"
"PATTY-G,ipc-2023/mprime,pfile18.pddl,False,True,60000,-1,0,-1,-1,-1,-1"
"PATTY-G,ipc-2023/mprime,pfile19.pddl,False,True,60000,-1,0,-1,-1,-1,-1"
"PATTY-G,ipc-2023/mprime,pfile20.pddl,False,True,60000,-1,0,-1,-1,-1,-1"
"PATTY-G,ipc-2023/mprime,pfile21.pddl,False,True,60000,-1,0,-1,-1,-1,-1"
"PATTY-G,ipc-2023/mprime,pfile22.pddl,False,True,60000,-1,0,-1,-1,-1,-1"
"PATTY-G,ipc-2023/mprime,pfile23.pddl,False,True,60000,-1,0,-1,-1,-1,-1"
"PATTY-G,ipc-2023/mprime,pfile24.pddl,False,True,60000,-1,0,-1,-1,-1,-1"
"PATTY-G,ipc-2023/mprime,pfile25.pddl,True,False,1020.0,2,44,179,556,2,1"
"PATTY-G,ipc-2023/mprime,pfile26.pddl,True,False,21690.0,2,140,1785,6262,2,1"
"PATTY-G,ipc-2023/mprime,pfile27.pddl,True,False,3240.0,2,129,831,2864,2,1"
"PATTY-G,ipc-2023/mprime,pfile28.pddl,True,False,1770.0,3,121,394,1283,3,2"
"PATTY-G,ipc-2023/pathwaysmetric,pfile01.pddl,True,False,1020.0,1,125,238,393,1,0"
"PATTY-G,ipc-2023/pathwaysmetric,pfile03.pddl,True,False,1310.0,1,306,526,834,1,0"
"PATTY-G,ipc-2023/pathwaysmetric,pfile04.pddl,True,False,1500.0,1,405,750,1189,1,0"
"PATTY-G,ipc-2023/pathwaysmetric,pfile06.pddl,True,False,2290.0,1,762,1322,2075,1,0"
"PATTY-G,ipc-2023/pathwaysmetric,pfile07.pddl,True,False,2870.0,1,854,1774,2778,1,0"
"PATTY-G,ipc-2023/pathwaysmetric,pfile08.pddl,True,False,4170.0,1,2125,2446,3811,1,0"
"PATTY-G,ipc-2023/pathwaysmetric,pfile09.pddl,True,False,3910.0,1,1423,2274,3569,1,0"
"PATTY-G,ipc-2023/pathwaysmetric,pfile10.pddl,True,False,3730.0,1,1166,2368,3750,1,0"
"PATTY-G,ipc-2023/pathwaysmetric,pfile11.pddl,True,False,3150.0,1,1465,2092,3343,1,0"
"PATTY-G,ipc-2023/pathwaysmetric,pfile13.pddl,True,False,4040.0,1,1404,2454,3885,1,0"
"PATTY-G,ipc-2023/pathwaysmetric,pfile14.pddl,True,False,4630.0,1,1575,2698,4234,1,0"
"PATTY-G,ipc-2023/pathwaysmetric,pfile15.pddl,True,False,4930.0,1,2018,3072,4873,1,0"
"PATTY-G,ipc-2023/pathwaysmetric,pfile16.pddl,True,False,10410.0,1,4512,5018,7829,1,0"
"PATTY-G,ipc-2023/pathwaysmetric,pfile18.pddl,True,False,6620.0,1,2329,3528,5487,1,0"
"PATTY-G,ipc-2023/pathwaysmetric,pfile20.pddl,True,False,8310.0,1,3117,4072,6345,1,0"
"PATTY-G,ipc-2023/pathwaysmetric,pfile21.pddl,True,False,10640.0,1,3884,5062,7957,1,0"
"PATTY-G,ipc-2023/pathwaysmetric,pfile23.pddl,True,False,7500.0,1,2981,4324,6845,1,0"
"PATTY-G,ipc-2023/pathwaysmetric,pfile24.pddl,True,False,10250.0,1,5091,4694,7278,1,0"
"PATTY-G,ipc-2023/pathwaysmetric,pfile26.pddl,True,False,12840.0,1,3802,5918,9305,1,0"
"PATTY-G,ipc-2023/pathwaysmetric,pfile27.pddl,True,False,16760.0,1,4592,6956,10896,1,0"
"PATTY-G,ipc-2023/rover,pfile1.pddl,True,False,1550.0,2,15,195,595,2,1"
"PATTY-G,ipc-2023/rover,pfile10.pddl,True,False,18530.0,3,97,1416,4941,3,2"
"PATTY-G,ipc-2023/rover,pfile11.pddl,False,True,60000,-1,0,-1,-1,-1,-1"
"PATTY-G,ipc-2023/rover,pfile12.pddl,True,False,9170.0,2,118,991,3316,2,1"
"PATTY-G,ipc-2023/rover,pfile13.pddl,False,True,60000,-1,0,-1,-1,-1,-1"
"PATTY-G,ipc-2023/rover,pfile14.pddl,False,True,60000,-1,0,-1,-1,-1,-1"
"PATTY-G,ipc-2023/rover,pfile15.pddl,False,True,60000,-1,0,-1,-1,-1,-1"
"PATTY-G,ipc-2023/rover,pfile16.pddl,False,True,60000,-1,0,-1,-1,-1,-1"
"PATTY-G,ipc-2023/rover,pfile17.pddl,False,True,60000,-1,0,-1,-1,-1,-1"
"PATTY-G,ipc-2023/rover,pfile18.pddl,False,True,60000,-1,0,-1,-1,-1,-1"
"PATTY-G,ipc-2023/rover,pfile19.pddl,False,True,60000,-1,0,-1,-1,-1,-1"
"PATTY-G,ipc-2023/rover,pfile2.pddl,True,False,1370.0,2,17,173,522,2,1"
"PATTY-G,ipc-2023/rover,pfile20.pddl,False,True,60000,-1,0,-1,-1,-1,-1"
"PATTY-G,ipc-2023/rover,pfile3.pddl,True,False,2610.0,3,129,327,1062,3,2"
"PATTY-G,ipc-2023/rover,pfile4.pddl,True,False,1230.0,1,49,184,484,1,0"
"PATTY-G,ipc-2023/rover,pfile5.pddl,True,False,2680.0,2,75,407,1299,2,1"
"PATTY-G,ipc-2023/rover,pfile6.pddl,False,True,60000,-1,0,-1,-1,-1,-1"
"PATTY-G,ipc-2023/rover,pfile7.pddl,True,False,2690.0,2,27,464,1426,2,1"
"PATTY-G,ipc-2023/rover,pfile8.pddl,True,False,7980.0,2,97,901,2974,2,1"
"PATTY-G,ipc-2023/rover,pfile9.pddl,False,True,60000,-1,0,-1,-1,-1,-1"
"PATTY-G,ipc-2023/sailing,instance_1_10_1229.pddl,True,False,2810.0,9,2469,195,476,9,8"
"PATTY-G,ipc-2023/sailing,instance_1_4_1229.pddl,True,False,880.0,4,955,62,115,4,3"
"PATTY-G,ipc-2023/sailing,instance_1_5_1229.pddl,True,False,1020.0,5,1099,82,163,5,4"
"PATTY-G,ipc-2023/sailing,instance_1_6_1229.pddl,True,False,1060.0,6,1079,104,219,6,5"
"PATTY-G,ipc-2023/sailing,instance_1_7_1229.pddl,True,False,1130.0,6,1399,114,248,6,5"
"PATTY-G,ipc-2023/sailing,instance_2_1_1229.pddl,True,False,800.0,1,174,24,32,1,0"
"PATTY-G,ipc-2023/sailing,instance_2_10_1229.pddl,True,False,2080.0,5,3051,214,525,5,4"
"PATTY-G,ipc-2023/sailing,instance_2_2_1229.pddl,True,False,830.0,1,197,30,45,1,0"
"PATTY-G,ipc-2023/sailing,instance_2_4_1229.pddl,True,False,740.0,2,1018,64,117,2,1"
"PATTY-G,ipc-2023/sailing,instance_2_7_1229.pddl,True,False,1000.0,3,1334,116,250,3,2"
"PATTY-G,ipc-2023/sailing,instance_2_8_1229.pddl,True,False,1060.0,4,2684,156,357,4,3"
"PATTY-G,ipc-2023/sailing,instance_2_9_1229.pddl,True,False,1180.0,4,1723,168,394,4,3"
"PATTY-G,ipc-2023/sailing,instance_3_4_1229.pddl,True,False,880.0,2,997,88,165,2,1"
"PATTY-G,ipc-2023/sailing,instance_3_5_1229.pddl,True,False,940.0,2,1302,98,194,2,1"
"PATTY-G,ipc-2023/sailing,instance_3_6_1229.pddl,True,False,800.0,2,1082,108,223,2,1"
"PATTY-G,ipc-2023/sailing,instance_4_10_1229.pddl,True,False,1960.0,3,3870,252,623,3,2"
"PATTY-G,ipc-2023/sailing,instance_4_2_1229.pddl,True,False,800.0,1,398,52,79,1,0"
"PATTY-G,ipc-2023/sailing,instance_4_5_1229.pddl,True,False,970.0,2,1839,124,250,2,1"
"PATTY-G,ipc-2023/sailing,instance_4_6_1229.pddl,True,False,990.0,2,1458,136,287,2,1"
"PATTY-G,ipc-2023/sailing,instance_4_7_1229.pddl,True,False,1010.0,2,1839,148,324,2,1"
"PATTY-G,ipc-2023/satellite,pfile1.pddl,False,True,60000,-1,0,-1,-1,-1,-1"
"PATTY-G,ipc-2023/satellite,pfile10.pddl,False,True,60000,-1,0,-1,-1,-1,-1"
"PATTY-G,ipc-2023/satellite,pfile11.pddl,False,True,60000,-1,0,-1,-1,-1,-1"
"PATTY-G,ipc-2023/satellite,pfile12.pddl,False,True,60000,-1,0,-1,-1,-1,-1"
"PATTY-G,ipc-2023/satellite,pfile13.pddl,False,True,60000,-1,0,-1,-1,-1,-1"
"PATTY-G,ipc-2023/satellite,pfile14.pddl,False,True,60000,-1,0,-1,-1,-1,-1"
"PATTY-G,ipc-2023/satellite,pfile15.pddl,False,True,60000,-1,0,-1,-1,-1,-1"
"PATTY-G,ipc-2023/satellite,pfile16.pddl,False,True,60000,-1,0,-1,-1,-1,-1"
"PATTY-G,ipc-2023/satellite,pfile17.pddl,False,True,60000,-1,0,-1,-1,-1,-1"
"PATTY-G,ipc-2023/satellite,pfile18.pddl,False,True,60000,-1,0,-1,-1,-1,-1"
"PATTY-G,ipc-2023/satellite,pfile19.pddl,False,True,60000,-1,0,-1,-1,-1,-1"
"PATTY-G,ipc-2023/satellite,pfile2.pddl,False,True,60000,-1,0,-1,-1,-1,-1"
"PATTY-G,ipc-2023/satellite,pfile20.pddl,False,True,60000,-1,0,-1,-1,-1,-1"
"PATTY-G,ipc-2023/satellite,pfile3.pddl,True,False,5090.0,3,33,697,2149,3,2"
"PATTY-G,ipc-2023/satellite,pfile4.pddl,False,True,60000,-1,0,-1,-1,-1,-1"
"PATTY-G,ipc-2023/satellite,pfile5.pddl,False,True,60000,-1,0,-1,-1,-1,-1"
"PATTY-G,ipc-2023/satellite,pfile6.pddl,False,True,60000,-1,0,-1,-1,-1,-1"
"PATTY-G,ipc-2023/satellite,pfile7.pddl,False,True,60000,-1,0,-1,-1,-1,-1"
"PATTY-G,ipc-2023/satellite,pfile8.pddl,False,True,60000,-1,0,-1,-1,-1,-1"
"PATTY-G,ipc-2023/satellite,pfile9.pddl,False,True,60000,-1,0,-1,-1,-1,-1"
"PATTY-G,ipc-2023/sugar,pfile01.pddl,True,False,3370.0,3,24,678,1994,3,2"
"PATTY-G,ipc-2023/sugar,pfile02.pddl,True,False,4019.9999999999995,3,64,786,2356,3,2"
"PATTY-G,ipc-2023/sugar,pfile03.pddl,True,False,9690.0,4,48,979,3043,4,3"
"PATTY-G,ipc-2023/sugar,pfile04.pddl,True,False,10790.0,4,50,1079,3346,4,3"
"PATTY-G,ipc-2023/sugar,pfile05.pddl,True,False,4830.0,3,43,919,2775,3,2"
"PATTY-G,ipc-2023/sugar,pfile06.pddl,True,False,2600.0,2,40,681,1931,2,1"
"PATTY-G,ipc-2023/sugar,pfile07.pddl,True,False,2500.0,2,29,637,1794,2,1"
"PATTY-G,ipc-2023/sugar,pfile08.pddl,True,False,4650.0,3,45,917,2773,3,2"
"PATTY-G,ipc-2023/sugar,pfile09.pddl,True,False,2840.0,2,39,681,1932,2,1"
"PATTY-G,ipc-2023/sugar,pfile10.pddl,True,False,6840.0,3,75,917,2773,3,2"
"PATTY-G,ipc-2023/sugar,pfile11.pddl,True,False,2750.0,2,42,670,1903,2,1"
"PATTY-G,ipc-2023/sugar,pfile12.pddl,True,False,21990.0,4,56,1157,3621,4,3"
"PATTY-G,ipc-2023/sugar,pfile13.pddl,True,False,6540.0,3,43,919,2777,3,2"
"PATTY-G,ipc-2023/sugar,pfile14.pddl,True,False,5730.0,3,63,919,2777,3,2"
"PATTY-G,ipc-2023/sugar,pfile15.pddl,True,False,6210.0,3,58,919,2776,3,2"
"PATTY-G,ipc-2023/sugar,pfile16.pddl,True,False,7100.0,3,61,919,2777,3,2"
"PATTY-G,ipc-2023/sugar,pfile17.pddl,True,False,11540.0,4,47,1157,3621,4,3"
"PATTY-G,ipc-2023/sugar,pfile18.pddl,True,False,14220.0,4,56,1157,3621,4,3"
"PATTY-G,ipc-2023/sugar,pfile19.pddl,True,False,24800.0,4,75,1157,3622,4,3"
"PATTY-G,ipc-2023/sugar,pfile20.pddl,True,False,22770.0,4,81,1157,3620,4,3"
"PATTY-G,ipc-2023/tpp,p02.pddl,True,False,1760.0,2,9,219,526,2,1"
"PATTY-G,ipc-2023/tpp,p04.pddl,True,False,45600.0,3,13,357,880,3,2"
"PATTY-G,ipc-2023/tpp,p06.pddl,False,True,60000,-1,0,-1,-1,-1,-1"
"PATTY-G,ipc-2023/tpp,p07.pddl,False,True,60000,-1,0,-1,-1,-1,-1"
"PATTY-G,ipc-2023/tpp,p17.pddl,False,True,60000,-1,0,-1,-1,-1,-1"
"PATTY-G,ipc-2023/tpp,p18.pddl,False,True,60000,-1,0,-1,-1,-1,-1"
"PATTY-G,ipc-2023/tpp,p20.pddl,False,True,60000,-1,0,-1,-1,-1,-1"
"PATTY-G,ipc-2023/tpp,p21.pddl,False,True,60000,-1,0,-1,-1,-1,-1"
"PATTY-G,ipc-2023/tpp,p22.pddl,False,True,60000,-1,0,-1,-1,-1,-1"
"PATTY-G,ipc-2023/tpp,p24.pddl,False,True,60000,-1,0,-1,-1,-1,-1"
"PATTY-G,ipc-2023/tpp,p25.pddl,False,True,60000,-1,0,-1,-1,-1,-1"
"PATTY-G,ipc-2023/tpp,p28.pddl,False,True,60000,-1,0,-1,-1,-1,-1"
"PATTY-G,ipc-2023/tpp,p29.pddl,False,True,60000,-1,0,-1,-1,-1,-1"
"PATTY-G,ipc-2023/tpp,p30.pddl,False,True,60000,-1,0,-1,-1,-1,-1"
"PATTY-G,ipc-2023/tpp,p33.pddl,False,True,60000,-1,0,-1,-1,-1,-1"
"PATTY-G,ipc-2023/tpp,p34.pddl,False,True,60000,-1,0,-1,-1,-1,-1"
"PATTY-G,ipc-2023/tpp,p36.pddl,False,True,60000,-1,0,-1,-1,-1,-1"
"PATTY-G,ipc-2023/tpp,p37.pddl,False,True,60000,-1,0,-1,-1,-1,-1"
"PATTY-G,ipc-2023/tpp,p38.pddl,False,True,60000,-1,0,-1,-1,-1,-1"
"PATTY-G,ipc-2023/tpp,p39.pddl,False,True,60000,-1,0,-1,-1,-1,-1"
"PATTY-G,ipc-2023/zenotravel,pfile1.pddl,True,False,810.0,2,10,101,268,2,1"
"PATTY-G,ipc-2023/zenotravel,pfile10.pddl,True,False,3450.0,2,31,877,3018,2,1"
"PATTY-G,ipc-2023/zenotravel,pfile11.pddl,True,False,2120.0,1,20,632,1986,1,0"
"PATTY-G,ipc-2023/zenotravel,pfile12.pddl,True,False,6300.0,2,29,1129,3941,2,1"
"PATTY-G,ipc-2023/zenotravel,pfile13.pddl,True,False,29610.0,2,36,1293,4537,2,1"
"PATTY-G,ipc-2023/zenotravel,pfile15.pddl,False,True,60000,-1,0,-1,-1,-1,-1"
"PATTY-G,ipc-2023/zenotravel,pfile16.pddl,False,True,60000,-1,0,-1,-1,-1,-1"
"PATTY-G,ipc-2023/zenotravel,pfile17.pddl,False,True,60000,-1,0,-1,-1,-1,-1"
"PATTY-G,ipc-2023/zenotravel,pfile18.pddl,False,True,60000,-1,0,-1,-1,-1,-1"
"PATTY-G,ipc-2023/zenotravel,pfile19.pddl,False,True,60000,-1,0,-1,-1,-1,-1"
"PATTY-G,ipc-2023/zenotravel,pfile2.pddl,True,False,930.0,2,7,101,268,2,1"
"PATTY-G,ipc-2023/zenotravel,pfile20.pddl,False,True,60000,-1,0,-1,-1,-1,-1"
"PATTY-G,ipc-2023/zenotravel,pfile21.pddl,False,True,60000,-1,0,-1,-1,-1,-1"
"PATTY-G,ipc-2023/zenotravel,pfile22.pddl,False,True,60000,-1,0,-1,-1,-1,-1"
"PATTY-G,ipc-2023/zenotravel,pfile23.pddl,False,True,60000,-1,0,-1,-1,-1,-1"
"PATTY-G,ipc-2023/zenotravel,pfile3.pddl,True,False,1030.0,1,8,149,393,1,0"
"PATTY-G,ipc-2023/zenotravel,pfile4.pddl,True,False,1330.0,2,15,250,778,2,1"
"PATTY-G,ipc-2023/zenotravel,pfile5.pddl,True,False,1170.0,1,15,208,579,1,0"
"PATTY-G,ipc-2023/zenotravel,pfile6.pddl,True,False,1510.0,2,20,355,1142,2,1"
"PATTY-G,ipc-2023/zenotravel,pfile8.pddl,True,False,1580.0,1,17,451,1374,1,0"
"PATTY-H,ipc-2023/block-grouping,instance_100_20_5_1.pddl,True,False,1390.0,1,4589,168,413,1,1"
"PATTY-H,ipc-2023/block-grouping,instance_100_25_6_2.pddl,True,False,1740.0,1,2857,208,513,1,1"
"PATTY-H,ipc-2023/block-grouping,instance_11_10_2_3.pddl,True,False,940.0,1,115,88,213,1,1"
"PATTY-H,ipc-2023/block-grouping,instance_11_30_7_2.pddl,True,False,2240.0,1,403,248,613,1,1"
"PATTY-H,ipc-2023/block-grouping,instance_11_35_8_3.pddl,True,False,2550.0,1,415,288,713,1,1"
"PATTY-H,ipc-2023/block-grouping,instance_11_40_10_1.pddl,True,False,3370.0,1,561,328,813,1,1"
"PATTY-H,ipc-2023/block-grouping,instance_15_10_2_3.pddl,True,False,1000.0,1,130,88,213,1,1"
"PATTY-H,ipc-2023/block-grouping,instance_15_25_6_3.pddl,True,False,1780.0,1,331,208,513,1,1"
"PATTY-H,ipc-2023/block-grouping,instance_20_10_2_1.pddl,True,False,970.0,1,202,88,213,1,1"
"PATTY-H,ipc-2023/block-grouping,instance_20_10_2_3.pddl,True,False,1000.0,1,230,88,213,1,1"
"PATTY-H,ipc-2023/block-grouping,instance_20_15_3_2.pddl,True,False,1100.0,1,311,128,313,1,1"
"PATTY-H,ipc-2023/block-grouping,instance_20_30_7_2.pddl,True,False,2220.0,1,705,248,613,1,1"
"PATTY-H,ipc-2023/block-grouping,instance_20_40_10_2.pddl,True,False,3090.0,1,891,328,813,1,1"
"PATTY-H,ipc-2023/block-grouping,instance_20_5_2_1.pddl,True,False,730.0,1,102,48,113,1,1"
"PATTY-H,ipc-2023/block-grouping,instance_20_5_2_2.pddl,True,False,890.0,1,76,48,113,1,1"
"PATTY-H,ipc-2023/block-grouping,instance_25_15_3_1.pddl,True,False,1020.0,1,367,128,313,1,1"
"PATTY-H,ipc-2023/block-grouping,instance_25_35_8_1.pddl,True,False,2860.0,1,963,288,713,1,1"
"PATTY-H,ipc-2023/block-grouping,instance_25_40_10_3.pddl,True,False,3440.0,1,1069,328,813,1,1"
"PATTY-H,ipc-2023/block-grouping,instance_5_25_6_1.pddl,True,False,2029.9999999999998,1,168,208,513,1,1"
"PATTY-H,ipc-2023/block-grouping,instance_7_10_2_1.pddl,True,False,980.0,1,92,88,213,1,1"
"PATTY-H,ipc-2023/counters,fz_instance_12.pddl,True,False,890.0,1,68,50,124,1,1"
"PATTY-H,ipc-2023/counters,fz_instance_4.pddl,True,False,850.0,1,8,18,44,1,1"
"PATTY-H,ipc-2023/counters,fz_instance_40.pddl,True,False,1040.0,1,784,162,404,1,1"
"PATTY-H,ipc-2023/counters,inv_instance_12.pddl,True,False,720.0,1,170,50,124,1,1"
"PATTY-H,ipc-2023/counters,inv_instance_16.pddl,True,False,900.0,1,286,66,164,1,1"
"PATTY-H,ipc-2023/counters,inv_instance_36.pddl,True,False,1020.0,1,1261,146,364,1,1"
"PATTY-H,ipc-2023/counters,inv_instance_4.pddl,True,False,810.0,1,22,18,44,1,1"
"PATTY-H,ipc-2023/counters,rnd_instance_12_3.pddl,True,False,860.0,1,131,50,124,1,1"
"PATTY-H,ipc-2023/counters,rnd_instance_20_1.pddl,True,False,940.0,1,359,82,204,1,1"
"PATTY-H,ipc-2023/counters,rnd_instance_24_1.pddl,True,False,930.0,1,363,98,244,1,1"
"PATTY-H,ipc-2023/counters,rnd_instance_28_1.pddl,True,False,1000.0,1,507,114,284,1,1"
"PATTY-H,ipc-2023/counters,rnd_instance_32_1.pddl,True,False,1050.0,1,871,130,324,1,1"
"PATTY-H,ipc-2023/counters,rnd_instance_32_2.pddl,True,False,1000.0,1,823,130,324,1,1"
"PATTY-H,ipc-2023/counters,rnd_instance_36_2.pddl,True,False,1090.0,1,896,146,364,1,1"
"PATTY-H,ipc-2023/counters,rnd_instance_4_1.pddl,True,False,810.0,1,22,18,44,1,1"
"PATTY-H,ipc-2023/counters,rnd_instance_40_1.pddl,True,False,980.0,1,1025,162,404,1,1"
"PATTY-H,ipc-2023/counters,rnd_instance_40_2.pddl,True,False,1140.0,1,854,162,404,1,1"
"PATTY-H,ipc-2023/counters,rnd_instance_40_3.pddl,True,False,1060.0,1,967,162,404,1,1"
"PATTY-H,ipc-2023/counters,rnd_instance_8_2.pddl,True,False,910.0,1,46,34,84,1,1"
"PATTY-H,ipc-2023/counters,rnd_instance_8_3.pddl,True,False,800.0,1,45,34,84,1,1"
"PATTY-H,ipc-2023/delivery,prob01.pddl,True,False,1590.0,2,10,348,1171,2,2"
"PATTY-H,ipc-2023/delivery,prob02.pddl,True,False,5220.0,4,26,900,3309,4,4"
"PATTY-H,ipc-2023/delivery,prob03.pddl,True,False,7790.0,4,22,1180,4359,4,4"
"PATTY-H,ipc-2023/delivery,prob04.pddl,False,True,60000,-1,0,-1,-1,-1,-1"
"PATTY-H,ipc-2023/delivery,prob05.pddl,False,True,60000,-1,0,-1,-1,-1,-1"
"PATTY-H,ipc-2023/delivery,prob06.pddl,False,True,60000,-1,0,-1,-1,-1,-1"
"PATTY-H,ipc-2023/delivery,prob07.pddl,False,True,60000,-1,0,-1,-1,-1,-1"
"PATTY-H,ipc-2023/delivery,prob08.pddl,False,True,60000,-1,0,-1,-1,-1,-1"
"PATTY-H,ipc-2023/delivery,prob09.pddl,False,True,60000,-1,0,-1,-1,-1,-1"
"PATTY-H,ipc-2023/delivery,prob10.pddl,False,True,60000,-1,0,-1,-1,-1,-1"
"PATTY-H,ipc-2023/delivery,prob11.pddl,False,True,60000,-1,0,-1,-1,-1,-1"
"PATTY-H,ipc-2023/delivery,prob12.pddl,False,True,60000,-1,0,-1,-1,-1,-1"
"PATTY-H,ipc-2023/delivery,prob13.pddl,False,True,60000,-1,0,-1,-1,-1,-1"
"PATTY-H,ipc-2023/delivery,prob14.pddl,False,True,60000,-1,0,-1,-1,-1,-1"
"PATTY-H,ipc-2023/delivery,prob15.pddl,False,True,60000,-1,0,-1,-1,-1,-1"
"PATTY-H,ipc-2023/delivery,prob16.pddl,False,True,60000,-1,0,-1,-1,-1,-1"
"PATTY-H,ipc-2023/delivery,prob17.pddl,False,False,52950.0,-1,0,-1,-1,-1,-1"
"PATTY-H,ipc-2023/delivery,prob18.pddl,False,True,60000,-1,0,-1,-1,-1,-1"
"PATTY-H,ipc-2023/delivery,prob19.pddl,False,True,60000,-1,0,-1,-1,-1,-1"
"PATTY-H,ipc-2023/delivery,prob20.pddl,False,True,60000,-1,0,-1,-1,-1,-1"
"PATTY-H,ipc-2023/drone,problem_1_1_2.pddl,True,False,820.0,3,9,68,149,3,3"
"PATTY-H,ipc-2023/drone,problem_1_1_4.pddl,True,False,1190.0,5,27,114,261,5,5"
"PATTY-H,ipc-2023/drone,problem_1_8_1.pddl,True,False,3840.0,9,43,230,557,9,9"
"PATTY-H,ipc-2023/drone,problem_1_9_3.pddl,False,True,60000,-1,0,-1,-1,-1,-1"
"PATTY-H,ipc-2023/drone,problem_10_10_3.pddl,False,True,60000,-1,0,-1,-1,-1,-1"
"PATTY-H,ipc-2023/drone,problem_2_5_4.pddl,False,True,60000,-1,0,-1,-1,-1,-1"
"PATTY-H,ipc-2023/drone,problem_2_8_3.pddl,False,True,60000,-1,0,-1,-1,-1,-1"
"PATTY-H,ipc-2023/drone,problem_2_9_1.pddl,False,True,60000,-1,0,-1,-1,-1,-1"
"PATTY-H,ipc-2023/drone,problem_3_3_4.pddl,False,True,60000,-1,0,-1,-1,-1,-1"
"PATTY-H,ipc-2023/drone,problem_4_2_5.pddl,False,True,60000,-1,0,-1,-1,-1,-1"
"PATTY-H,ipc-2023/drone,problem_4_9_5.pddl,False,True,60000,-1,0,-1,-1,-1,-1"
"PATTY-H,ipc-2023/drone,problem_5_10_1.pddl,False,True,60000,-1,0,-1,-1,-1,-1"
"PATTY-H,ipc-2023/drone,problem_5_2_2.pddl,False,True,60000,-1,0,-1,-1,-1,-1"
"PATTY-H,ipc-2023/drone,problem_6_8_1.pddl,False,True,60000,-1,0,-1,-1,-1,-1"
"PATTY-H,ipc-2023/drone,problem_7_6_4.pddl,False,True,60000,-1,0,-1,-1,-1,-1"
"PATTY-H,ipc-2023/drone,problem_8_1_2.pddl,False,True,60000,-1,0,-1,-1,-1,-1"
"PATTY-H,ipc-2023/drone,problem_8_1_4.pddl,False,True,60000,-1,0,-1,-1,-1,-1"
"PATTY-H,ipc-2023/drone,problem_8_1_5.pddl,False,True,60000,-1,0,-1,-1,-1,-1"
"PATTY-H,ipc-2023/drone,problem_8_7_1.pddl,False,True,60000,-1,0,-1,-1,-1,-1"
"PATTY-H,ipc-2023/drone,problem_9_7_3.pddl,False,False,12910.0,-1,0,1731,2707,1,-1"
"PATTY-H,ipc-2023/expedition,pfile1.pddl,True,False,4810.0,6,50,320,983,6,6"
"PATTY-H,ipc-2023/expedition,pfile10.pddl,False,True,60000,-1,0,-1,-1,-1,-1"
"PATTY-H,ipc-2023/expedition,pfile11.pddl,True,False,14110.0,7,46,347,1106,7,7"
"PATTY-H,ipc-2023/expedition,pfile12.pddl,False,True,60000,-1,0,-1,-1,-1,-1"
"PATTY-H,ipc-2023/expedition,pfile13.pddl,False,False,1400.0,-1,0,200,587,3,-1"
"PATTY-H,ipc-2023/expedition,pfile14.pddl,False,True,60000,-1,0,-1,-1,-1,-1"
"PATTY-H,ipc-2023/expedition,pfile15.pddl,False,True,60000,-1,0,-1,-1,-1,-1"
"PATTY-H,ipc-2023/expedition,pfile16.pddl,False,True,60000,-1,0,-1,-1,-1,-1"
"PATTY-H,ipc-2023/expedition,pfile17.pddl,False,True,60000,-1,0,-1,-1,-1,-1"
"PATTY-H,ipc-2023/expedition,pfile18.pddl,False,True,60000,-1,0,-1,-1,-1,-1"
"PATTY-H,ipc-2023/expedition,pfile19.pddl,False,True,60000,-1,0,-1,-1,-1,-1"
"PATTY-H,ipc-2023/expedition,pfile2.pddl,False,True,60000,-1,0,-1,-1,-1,-1"
"PATTY-H,ipc-2023/expedition,pfile20.pddl,False,True,60000,-1,0,-1,-1,-1,-1"
"PATTY-H,ipc-2023/expedition,pfile3.pddl,False,True,60000,-1,0,-1,-1,-1,-1"
"PATTY-H,ipc-2023/expedition,pfile4.pddl,False,True,60000,-1,0,-1,-1,-1,-1"
"PATTY-H,ipc-2023/expedition,pfile5.pddl,False,True,60000,-1,0,-1,-1,-1,-1"
"PATTY-H,ipc-2023/expedition,pfile6.pddl,False,True,60000,-1,0,-1,-1,-1,-1"
"PATTY-H,ipc-2023/expedition,pfile7.pddl,False,True,60000,-1,0,-1,-1,-1,-1"
"PATTY-H,ipc-2023/expedition,pfile8.pddl,False,True,60000,-1,0,-1,-1,-1,-1"
"PATTY-H,ipc-2023/expedition,pfile9.pddl,False,True,60000,-1,0,-1,-1,-1,-1"
"PATTY-H,ipc-2023/ext-plant-watering,instance_10_11_2_1.pddl,False,True,60000,-1,0,-1,-1,-1,-1"
"PATTY-H,ipc-2023/ext-plant-watering,instance_10_17_2_1.pddl,False,True,60000,-1,0,-1,-1,-1,-1"
"PATTY-H,ipc-2023/ext-plant-watering,instance_10_5_2_1.pddl,True,False,4010.0,7,254,260,685,7,7"
"PATTY-H,ipc-2023/ext-plant-watering,instance_10_7_2_1.pddl,True,False,24370.0,10,412,396,1075,10,10"
"PATTY-H,ipc-2023/ext-plant-watering,instance_11_17_2_1.pddl,False,True,60000,-1,0,-1,-1,-1,-1"
"PATTY-H,ipc-2023/ext-plant-watering,instance_11_5_2_1.pddl,True,False,3600.0,7,241,260,685,7,7"
"PATTY-H,ipc-2023/ext-plant-watering,instance_12_15_2_1.pddl,False,True,60000,-1,0,-1,-1,-1,-1"
"PATTY-H,ipc-2023/ext-plant-watering,instance_12_17_2_1.pddl,False,True,60000,-1,0,-1,-1,-1,-1"
"PATTY-H,ipc-2023/ext-plant-watering,instance_12_19_2_1.pddl,False,True,60000,-1,0,-1,-1,-1,-1"
"PATTY-H,ipc-2023/ext-plant-watering,instance_12_7_2_1.pddl,True,False,6770.0,8,414,332,883,8,8"
"PATTY-H,ipc-2023/ext-plant-watering,instance_13_13_2_1.pddl,False,True,60000,-1,0,-1,-1,-1,-1"
"PATTY-H,ipc-2023/ext-plant-watering,instance_13_15_2_1.pddl,False,True,60000,-1,0,-1,-1,-1,-1"
"PATTY-H,ipc-2023/ext-plant-watering,instance_13_9_2_1.pddl,False,True,60000,-1,0,-1,-1,-1,-1"
"PATTY-H,ipc-2023/ext-plant-watering,instance_14_13_2_1.pddl,False,True,60000,-1,0,-1,-1,-1,-1"
"PATTY-H,ipc-2023/ext-plant-watering,instance_14_17_2_1.pddl,False,True,60000,-1,0,-1,-1,-1,-1"
"PATTY-H,ipc-2023/ext-plant-watering,instance_14_19_2_1.pddl,False,True,60000,-1,0,-1,-1,-1,-1"
"PATTY-H,ipc-2023/ext-plant-watering,instance_15_15_2_1.pddl,False,True,60000,-1,0,-1,-1,-1,-1"
"PATTY-H,ipc-2023/ext-plant-watering,instance_15_17_2_1.pddl,False,True,60000,-1,0,-1,-1,-1,-1"
"PATTY-H,ipc-2023/ext-plant-watering,instance_15_19_2_1.pddl,False,True,60000,-1,0,-1,-1,-1,-1"
"PATTY-H,ipc-2023/ext-plant-watering,instance_15_7_2_1.pddl,True,False,16770.0,9,436,364,979,9,9"
"PATTY-H,ipc-2023/farmland,instance_10_500_1229.pddl,True,False,1320.0,1,608,100,215,1,1"
"PATTY-H,ipc-2023/farmland,instance_10_700_1229.pddl,True,False,1150.0,1,1404,100,215,1,1"
"PATTY-H,ipc-2023/farmland,instance_2_300_1229.pddl,True,False,790.0,1,221,12,23,1,1"
"PATTY-H,ipc-2023/farmland,instance_2_600_1229.pddl,True,False,780.0,1,440,12,23,1,1"
"PATTY-H,ipc-2023/farmland,instance_2_700_1229.pddl,True,False,850.0,1,513,12,23,1,1"
"PATTY-H,ipc-2023/farmland,instance_4_200_1229.pddl,True,False,860.0,1,201,34,71,1,1"
"PATTY-H,ipc-2023/farmland,instance_4_300_1229.pddl,True,False,880.0,1,258,34,71,1,1"
"PATTY-H,ipc-2023/farmland,instance_4_400_1229.pddl,True,False,850.0,1,315,34,71,1,1"
"PATTY-H,ipc-2023/farmland,instance_4_600_1229.pddl,True,False,910.0,1,429,34,71,1,1"
"PATTY-H,ipc-2023/farmland,instance_4_700_1229.pddl,True,False,880.0,1,488,34,71,1,1"
"PATTY-H,ipc-2023/farmland,instance_4_800_1229.pddl,True,False,860.0,1,807,34,71,1,1"
"PATTY-H,ipc-2023/farmland,instance_6_100_1229.pddl,True,False,1000.0,1,250,56,119,1,1"
"PATTY-H,ipc-2023/farmland,instance_6_200_1229.pddl,True,False,980.0,1,507,56,119,1,1"
"PATTY-H,ipc-2023/farmland,instance_6_400_1229.pddl,True,False,940.0,1,869,56,119,1,1"
"PATTY-H,ipc-2023/farmland,instance_6_500_1229.pddl,True,False,960.0,1,1179,56,119,1,1"
"PATTY-H,ipc-2023/farmland,instance_6_600_1229.pddl,True,False,1030.0,1,1381,56,119,1,1"
"PATTY-H,ipc-2023/farmland,instance_6_900_1229.pddl,True,False,1050.0,1,1969,56,119,1,1"
"PATTY-H,ipc-2023/farmland,instance_8_200_1229.pddl,True,False,1050.0,1,240,78,167,1,1"
"PATTY-H,ipc-2023/farmland,instance_8_400_1229.pddl,True,False,1020.0,1,414,78,167,1,1"
"PATTY-H,ipc-2023/farmland,instance_8_700_1229.pddl,True,False,1010.0,1,685,78,167,1,1"
"PATTY-H,ipc-2023/fo_counters,instance_10.pddl,True,False,890.0,1,116,84,176,1,1"
"PATTY-H,ipc-2023/fo_counters,instance_11.pddl,True,False,910.0,1,96,92,193,1,1"
"PATTY-H,ipc-2023/fo_counters,instance_12.pddl,True,False,830.0,1,184,100,210,1,1"
"PATTY-H,ipc-2023/fo_counters,instance_13.pddl,True,False,990.0,1,108,108,227,1,1"
"PATTY-H,ipc-2023/fo_counters,instance_14.pddl,True,False,840.0,1,183,116,244,1,1"
"PATTY-H,ipc-2023/fo_counters,instance_15.pddl,True,False,1000.0,1,145,124,261,1,1"
"PATTY-H,ipc-2023/fo_counters,instance_16.pddl,True,False,1070.0,1,155,132,278,1,1"
"PATTY-H,ipc-2023/fo_counters,instance_17.pddl,True,False,1080.0,1,187,140,295,1,1"
"PATTY-H,ipc-2023/fo_counters,instance_18.pddl,True,False,1160.0,1,206,148,312,1,1"
"PATTY-H,ipc-2023/fo_counters,instance_19.pddl,True,False,1110.0,1,259,156,329,1,1"
"PATTY-H,ipc-2023/fo_counters,instance_2.pddl,True,False,680.0,1,13,20,40,1,1"
"PATTY-H,ipc-2023/fo_counters,instance_20.pddl,True,False,1280.0,1,261,164,346,1,1"
"PATTY-H,ipc-2023/fo_counters,instance_21.pddl,True,False,1470.0,1,239,172,363,1,1"
"PATTY-H,ipc-2023/fo_counters,instance_3.pddl,True,False,820.0,1,13,28,57,1,1"
"PATTY-H,ipc-2023/fo_counters,instance_4.pddl,True,False,810.0,1,36,36,74,1,1"
"PATTY-H,ipc-2023/fo_counters,instance_5.pddl,True,False,840.0,1,34,44,91,1,1"
"PATTY-H,ipc-2023/fo_counters,instance_6.pddl,True,False,880.0,1,54,52,108,1,1"
"PATTY-H,ipc-2023/fo_counters,instance_7.pddl,True,False,750.0,1,63,60,125,1,1"
"PATTY-H,ipc-2023/fo_counters,instance_8.pddl,True,False,930.0,1,85,68,142,1,1"
"PATTY-H,ipc-2023/fo_counters,instance_9.pddl,True,False,880.0,1,94,76,159,1,1"
"PATTY-H,ipc-2023/fo-farmland,instance_10_100_1229.pddl,True,False,1910.0,1,226,104,212,1,1"
"PATTY-H,ipc-2023/fo-farmland,instance_10_200_1229.pddl,True,False,2690.0,1,317,104,212,1,1"
"PATTY-H,ipc-2023/fo-farmland,instance_10_400_1229.pddl,True,False,3520.0,1,476,104,212,1,1"
"PATTY-H,ipc-2023/fo-farmland,instance_2_200_1229.pddl,True,False,880.0,1,143,16,28,1,1"
"PATTY-H,ipc-2023/fo-farmland,instance_2_400_1229.pddl,True,False,840.0,1,257,16,28,1,1"
"PATTY-H,ipc-2023/fo-farmland,instance_4_1000_1229.pddl,True,False,960.0,1,1034,38,74,1,1"
"PATTY-H,ipc-2023/fo-farmland,instance_4_300_1229.pddl,True,False,790.0,1,334,38,74,1,1"
"PATTY-H,ipc-2023/fo-farmland,instance_4_400_1229.pddl,True,False,930.0,1,434,38,74,1,1"
"PATTY-H,ipc-2023/fo-farmland,instance_4_800_1229.pddl,True,False,940.0,1,1154,38,74,1,1"
"PATTY-H,ipc-2023/fo-farmland,instance_6_100_1229.pddl,True,False,4320.0,1,215,60,120,1,1"
"PATTY-H,ipc-2023/fo-farmland,instance_6_400_1229.pddl,True,False,1790.0,1,261,60,120,1,1"
"PATTY-H,ipc-2023/fo-farmland,instance_6_600_1229.pddl,True,False,1450.0,1,1519,60,120,1,1"
"PATTY-H,ipc-2023/fo-farmland,instance_6_800_1229.pddl,True,False,1870.0,1,1149,60,120,1,1"
"PATTY-H,ipc-2023/fo-farmland,instance_6_900_1229.pddl,True,False,2420.0,1,582,60,120,1,1"
"PATTY-H,ipc-2023/fo-farmland,instance_8_300_1229.pddl,True,False,2950.0,1,387,82,166,1,1"
"PATTY-H,ipc-2023/fo-farmland,instance_8_400_1229.pddl,True,False,2130.0,1,163,82,166,1,1"
"PATTY-H,ipc-2023/fo-farmland,instance_8_500_1229.pddl,True,False,1910.0,1,2462,82,166,1,1"
"PATTY-H,ipc-2023/fo-farmland,instance_8_600_1229.pddl,True,False,4230.0,1,987,82,166,1,1"
"PATTY-H,ipc-2023/fo-farmland,instance_8_700_1229.pddl,True,False,2880.0,1,925,82,166,1,1"
"PATTY-H,ipc-2023/fo-farmland,instance_8_900_1229.pddl,True,False,3190.0,1,2066,82,166,1,1"
"PATTY-H,ipc-2023/fo-sailing,instance_1_1_1229.pddl,True,False,850.0,1,65,19,43,1,1"
"PATTY-H,ipc-2023/fo-sailing,instance_1_2_1229.pddl,True,False,1030.0,2,125,35,87,2,2"
"PATTY-H,ipc-2023/fo-sailing,instance_1_3_1229.pddl,True,False,19010.0,3,2274,53,139,3,3"
"PATTY-H,ipc-2023/fo-sailing,instance_1_4_1229.pddl,False,True,60000,-1,0,-1,-1,-1,-1"
"PATTY-H,ipc-2023/fo-sailing,instance_2_1_1229.pddl,True,False,880.0,1,78,33,79,1,1"
"PATTY-H,ipc-2023/fo-sailing,instance_2_2_1229.pddl,True,False,810.0,1,228,39,92,1,1"
"PATTY-H,ipc-2023/fo-sailing,instance_2_3_1229.pddl,True,False,8250.0,2,1372,69,183,2,2"
"PATTY-H,ipc-2023/fo-sailing,instance_2_4_1229.pddl,True,False,2770.0,2,4090,77,204,2,2"
"PATTY-H,ipc-2023/fo-sailing,instance_3_1_1229.pddl,True,False,1040.0,1,679,47,115,1,1"
"PATTY-H,ipc-2023/fo-sailing,instance_3_2_1229.pddl,True,False,1010.0,1,1074,54,132,1,1"
"PATTY-H,ipc-2023/fo-sailing,instance_3_3_1229.pddl,True,False,980.0,1,227,61,149,1,1"
"PATTY-H,ipc-2023/fo-sailing,instance_3_4_1229.pddl,True,False,42670.0,2,1972,107,295,2,2"
"PATTY-H,ipc-2023/fo-sailing,instance_4_1_1229.pddl,True,False,1000.0,1,1150,61,151,1,1"
"PATTY-H,ipc-2023/fo-sailing,instance_4_2_1229.pddl,True,False,1820.0,1,6866,69,172,1,1"
"PATTY-H,ipc-2023/fo-sailing,instance_4_3_1229.pddl,True,False,1030.0,1,203,77,193,1,1"
"PATTY-H,ipc-2023/fo-sailing,instance_4_4_1229.pddl,True,False,1460.0,1,2712,85,214,1,1"
"PATTY-H,ipc-2023/fo-sailing,instance_5_1_1229.pddl,True,False,1100.0,1,200,75,187,1,1"
"PATTY-H,ipc-2023/fo-sailing,instance_5_2_1229.pddl,True,False,1470.0,1,1427,84,212,1,1"
"PATTY-H,ipc-2023/fo-sailing,instance_5_3_1229.pddl,True,False,1010.0,1,671,93,237,1,1"
"PATTY-H,ipc-2023/fo-sailing,instance_5_4_1229.pddl,True,False,1190.0,1,820,102,262,1,1"
"PATTY-H,ipc-2023/hydropower,pfile01.pddl,True,False,12990.0,1,66,352,725,1,1"
"PATTY-H,ipc-2023/hydropower,pfile02.pddl,True,False,19230.0,1,44,352,725,1,1"
"PATTY-H,ipc-2023/hydropower,pfile04.pddl,True,False,12470.0,1,54,352,725,1,1"
"PATTY-H,ipc-2023/hydropower,pfile05.pddl,True,False,20540.0,1,80,352,725,1,1"
"PATTY-H,ipc-2023/hydropower,pfile06.pddl,True,False,12930.0,1,66,352,725,1,1"
"PATTY-H,ipc-2023/hydropower,pfile07.pddl,True,False,15010.0,1,92,352,725,1,1"
"PATTY-H,ipc-2023/hydropower,pfile08.pddl,True,False,21470.0,1,80,352,725,1,1"
"PATTY-H,ipc-2023/hydropower,pfile09.pddl,True,False,11940.0,1,88,352,725,1,1"
"PATTY-H,ipc-2023/hydropower,pfile11.pddl,True,False,9090.0,1,145,352,725,1,1"
"PATTY-H,ipc-2023/hydropower,pfile12.pddl,True,False,14440.0,1,164,352,725,1,1"
"PATTY-H,ipc-2023/hydropower,pfile13.pddl,True,False,9310.0,1,153,352,725,1,1"
"PATTY-H,ipc-2023/hydropower,pfile14.pddl,True,False,6010.0,1,200,352,725,1,1"
"PATTY-H,ipc-2023/hydropower,pfile18.pddl,True,False,7140.0,1,292,352,725,1,1"
"PATTY-H,ipc-2023/hydropower,pfile19.pddl,True,False,15330.0,1,270,352,725,1,1"
"PATTY-H,ipc-2023/hydropower,pfile20.pddl,True,False,6050.0,1,329,352,725,1,1"
"PATTY-H,ipc-2023/hydropower,pfile22.pddl,True,False,10870.0,1,386,352,725,1,1"
"PATTY-H,ipc-2023/hydropower,pfile23.pddl,True,False,12750.0,1,358,352,725,1,1"
"PATTY-H,ipc-2023/hydropower,pfile24.pddl,True,False,10820.0,1,412,352,725,1,1"
"PATTY-H,ipc-2023/hydropower,pfile27.pddl,True,False,12290.0,1,372,352,725,1,1"
"PATTY-H,ipc-2023/hydropower,pfile28.pddl,True,False,16780.0,1,476,352,725,1,1"
"PATTY-H,ipc-2023/mprime,pfile01.pddl,True,False,1290.0,2,81,225,664,2,2"
"PATTY-H,ipc-2023/mprime,pfile02.pddl,True,False,57870.0,2,75,2790,10187,2,2"
"PATTY-H,ipc-2023/mprime,pfile04.pddl,True,False,2660.0,2,104,674,2083,2,2"
"PATTY-H,ipc-2023/mprime,pfile05.pddl,True,False,22060.0,2,55,2448,8897,2,2"
"PATTY-H,ipc-2023/mprime,pfile09.pddl,True,False,12860.0,2,43,1875,6776,2,2"
"PATTY-H,ipc-2023/mprime,pfile13.pddl,False,True,60000,-1,0,-1,-1,-1,-1"
"PATTY-H,ipc-2023/mprime,pfile14.pddl,False,True,60000,-1,0,-1,-1,-1,-1"
"PATTY-H,ipc-2023/mprime,pfile15.pddl,False,True,60000,-1,0,-1,-1,-1,-1"
"PATTY-H,ipc-2023/mprime,pfile16.pddl,True,False,12300.0,1,68,1976,6881,1,1"
"PATTY-H,ipc-2023/mprime,pfile18.pddl,False,True,60000,-1,0,-1,-1,-1,-1"
"PATTY-H,ipc-2023/mprime,pfile19.pddl,False,True,60000,-1,0,-1,-1,-1,-1"
"PATTY-H,ipc-2023/mprime,pfile20.pddl,False,True,60000,-1,0,-1,-1,-1,-1"
"PATTY-H,ipc-2023/mprime,pfile21.pddl,False,True,60000,-1,0,-1,-1,-1,-1"
"PATTY-H,ipc-2023/mprime,pfile22.pddl,False,True,60000,-1,0,-1,-1,-1,-1"
"PATTY-H,ipc-2023/mprime,pfile23.pddl,False,True,60000,-1,0,-1,-1,-1,-1"
"PATTY-H,ipc-2023/mprime,pfile24.pddl,False,True,60000,-1,0,-1,-1,-1,-1"
"PATTY-H,ipc-2023/mprime,pfile25.pddl,True,False,1150.0,2,39,179,556,2,2"
"PATTY-H,ipc-2023/mprime,pfile26.pddl,True,False,24320.0,2,132,1785,6262,2,2"
"PATTY-H,ipc-2023/mprime,pfile27.pddl,True,False,4490.0,2,123,831,2864,2,2"
"PATTY-H,ipc-2023/mprime,pfile28.pddl,True,False,2009.9999999999998,3,71,394,1283,3,3"
"PATTY-H,ipc-2023/pathwaysmetric,pfile01.pddl,True,False,960.0,1,125,238,393,1,1"
"PATTY-H,ipc-2023/pathwaysmetric,pfile03.pddl,True,False,1280.0,1,332,526,834,1,1"
"PATTY-H,ipc-2023/pathwaysmetric,pfile04.pddl,True,False,1600.0,1,310,750,1189,1,1"
"PATTY-H,ipc-2023/pathwaysmetric,pfile06.pddl,True,False,2320.0,1,1046,1322,2075,1,1"
"PATTY-H,ipc-2023/pathwaysmetric,pfile07.pddl,True,False,2980.0,1,1148,1774,2778,1,1"
"PATTY-H,ipc-2023/pathwaysmetric,pfile08.pddl,True,False,4250.0,1,1460,2446,3811,1,1"
"PATTY-H,ipc-2023/pathwaysmetric,pfile09.pddl,True,False,4010.0,1,1030,2274,3569,1,1"
"PATTY-H,ipc-2023/pathwaysmetric,pfile10.pddl,True,False,3830.0,1,1522,2368,3750,1,1"
"PATTY-H,ipc-2023/pathwaysmetric,pfile11.pddl,True,False,3260.0,1,1282,2092,3343,1,1"
"PATTY-H,ipc-2023/pathwaysmetric,pfile13.pddl,True,False,4250.0,1,1289,2454,3885,1,1"
"PATTY-H,ipc-2023/pathwaysmetric,pfile14.pddl,True,False,4670.0,1,1547,2698,4234,1,1"
"PATTY-H,ipc-2023/pathwaysmetric,pfile15.pddl,True,False,4980.0,1,1054,3072,4873,1,1"
"PATTY-H,ipc-2023/pathwaysmetric,pfile16.pddl,True,False,10480.0,1,4158,5018,7829,1,1"
"PATTY-H,ipc-2023/pathwaysmetric,pfile18.pddl,True,False,7060.0,1,2064,3528,5487,1,1"
"PATTY-H,ipc-2023/pathwaysmetric,pfile20.pddl,True,False,8350.0,1,3284,4072,6345,1,1"
"PATTY-H,ipc-2023/pathwaysmetric,pfile21.pddl,True,False,10530.0,1,3277,5062,7957,1,1"
"PATTY-H,ipc-2023/pathwaysmetric,pfile23.pddl,True,False,8660.0,1,6211,4324,6845,1,1"
"PATTY-H,ipc-2023/pathwaysmetric,pfile24.pddl,True,False,11010.0,1,4579,4694,7278,1,1"
"PATTY-H,ipc-2023/pathwaysmetric,pfile26.pddl,True,False,14600.0,1,5066,5918,9305,1,1"
"PATTY-H,ipc-2023/pathwaysmetric,pfile27.pddl,True,False,18380.0,1,5681,6956,10896,1,1"
"PATTY-H,ipc-2023/rover,pfile1.pddl,True,False,1310.0,2,13,194,591,2,2"
"PATTY-H,ipc-2023/rover,pfile10.pddl,True,False,32280.0,7,79,1192,4057,7,7"
"PATTY-H,ipc-2023/rover,pfile11.pddl,False,True,60000,-1,0,-1,-1,-1,-1"
"PATTY-H,ipc-2023/rover,pfile12.pddl,True,False,6260.0,2,66,801,2567,2,2"
"PATTY-H,ipc-2023/rover,pfile13.pddl,False,True,60000,-1,0,-1,-1,-1,-1"
"PATTY-H,ipc-2023/rover,pfile14.pddl,False,True,60000,-1,0,-1,-1,-1,-1"
"PATTY-H,ipc-2023/rover,pfile15.pddl,False,True,60000,-1,0,-1,-1,-1,-1"
"PATTY-H,ipc-2023/rover,pfile16.pddl,False,True,60000,-1,0,-1,-1,-1,-1"
"PATTY-H,ipc-2023/rover,pfile17.pddl,False,True,60000,-1,0,-1,-1,-1,-1"
"PATTY-H,ipc-2023/rover,pfile18.pddl,False,True,60000,-1,0,-1,-1,-1,-1"
"PATTY-H,ipc-2023/rover,pfile19.pddl,False,True,60000,-1,0,-1,-1,-1,-1"
"PATTY-H,ipc-2023/rover,pfile2.pddl,True,False,1270.0,2,18,138,386,2,2"
"PATTY-H,ipc-2023/rover,pfile20.pddl,False,True,60000,-1,0,-1,-1,-1,-1"
"PATTY-H,ipc-2023/rover,pfile3.pddl,True,False,1600.0,2,52,241,726,2,2"
"PATTY-H,ipc-2023/rover,pfile4.pddl,True,False,1360.0,1,39,184,484,1,1"
"PATTY-H,ipc-2023/rover,pfile5.pddl,True,False,3360.0,2,41,405,1291,2,2"
"PATTY-H,ipc-2023/rover,pfile6.pddl,False,True,60000,-1,0,692,2297,42,-1"
"PATTY-H,ipc-2023/rover,pfile7.pddl,True,False,5420.0,3,83,572,1846,3,3"
"PATTY-H,ipc-2023/rover,pfile8.pddl,True,False,8520.0,3,51,814,2629,3,3"
"PATTY-H,ipc-2023/rover,pfile9.pddl,False,True,60000,-1,0,-1,-1,-1,-1"
"PATTY-H,ipc-2023/sailing,instance_1_10_1229.pddl,True,False,3890.0,9,3273,195,476,9,9"
"PATTY-H,ipc-2023/sailing,instance_1_4_1229.pddl,True,False,920.0,4,896,62,115,4,4"
"PATTY-H,ipc-2023/sailing,instance_1_5_1229.pddl,True,False,1050.0,5,1261,82,163,5,5"
"PATTY-H,ipc-2023/sailing,instance_1_6_1229.pddl,True,False,1180.0,6,1533,104,219,6,6"
"PATTY-H,ipc-2023/sailing,instance_1_7_1229.pddl,True,False,1310.0,6,1427,114,248,6,6"
"PATTY-H,ipc-2023/sailing,instance_2_1_1229.pddl,True,False,660.0,1,174,24,32,1,1"
"PATTY-H,ipc-2023/sailing,instance_2_10_1229.pddl,True,False,3400.0,5,2398,214,525,5,5"
"PATTY-H,ipc-2023/sailing,instance_2_2_1229.pddl,True,False,650.0,1,197,30,45,1,1"
"PATTY-H,ipc-2023/sailing,instance_2_4_1229.pddl,True,False,900.0,2,1218,64,117,2,2"
"PATTY-H,ipc-2023/sailing,instance_2_7_1229.pddl,True,False,1060.0,3,5491,116,250,3,3"
"PATTY-H,ipc-2023/sailing,instance_2_8_1229.pddl,True,False,1400.0,4,2991,156,357,4,4"
"PATTY-H,ipc-2023/sailing,instance_2_9_1229.pddl,True,False,1300.0,4,2484,168,394,4,4"
"PATTY-H,ipc-2023/sailing,instance_3_4_1229.pddl,True,False,910.0,2,1484,88,165,2,2"
"PATTY-H,ipc-2023/sailing,instance_3_5_1229.pddl,True,False,940.0,2,1295,98,194,2,2"
"PATTY-H,ipc-2023/sailing,instance_3_6_1229.pddl,True,False,910.0,2,812,108,223,2,2"
"PATTY-H,ipc-2023/sailing,instance_4_10_1229.pddl,True,False,2600.0,3,2530,252,623,3,3"
"PATTY-H,ipc-2023/sailing,instance_4_2_1229.pddl,True,False,780.0,1,405,52,79,1,1"
"PATTY-H,ipc-2023/sailing,instance_4_5_1229.pddl,True,False,920.0,2,1838,124,250,2,2"
"PATTY-H,ipc-2023/sailing,instance_4_6_1229.pddl,True,False,1010.0,2,1651,136,287,2,2"
"PATTY-H,ipc-2023/sailing,instance_4_7_1229.pddl,True,False,900.0,2,1901,148,324,2,2"
"PATTY-H,ipc-2023/satellite,pfile1.pddl,False,True,60000,-1,0,-1,-1,-1,-1"
"PATTY-H,ipc-2023/satellite,pfile10.pddl,False,True,60000,-1,0,-1,-1,-1,-1"
"PATTY-H,ipc-2023/satellite,pfile11.pddl,False,True,60000,-1,0,-1,-1,-1,-1"
"PATTY-H,ipc-2023/satellite,pfile12.pddl,False,True,60000,-1,0,-1,-1,-1,-1"
"PATTY-H,ipc-2023/satellite,pfile13.pddl,False,True,60000,-1,0,-1,-1,-1,-1"
"PATTY-H,ipc-2023/satellite,pfile14.pddl,False,True,60000,-1,0,-1,-1,-1,-1"
"PATTY-H,ipc-2023/satellite,pfile15.pddl,False,True,60000,-1,0,-1,-1,-1,-1"
"PATTY-H,ipc-2023/satellite,pfile16.pddl,False,True,60000,-1,0,-1,-1,-1,-1"
"PATTY-H,ipc-2023/satellite,pfile17.pddl,False,True,60000,-1,0,-1,-1,-1,-1"
"PATTY-H,ipc-2023/satellite,pfile18.pddl,False,True,60000,-1,0,-1,-1,-1,-1"
"PATTY-H,ipc-2023/satellite,pfile19.pddl,False,True,60000,-1,0,-1,-1,-1,-1"
"PATTY-H,ipc-2023/satellite,pfile2.pddl,False,True,60000,-1,0,-1,-1,-1,-1"
"PATTY-H,ipc-2023/satellite,pfile20.pddl,False,True,60000,-1,0,-1,-1,-1,-1"
"PATTY-H,ipc-2023/satellite,pfile3.pddl,True,False,8140.000000000001,4,29,741,2357,4,4"
"PATTY-H,ipc-2023/satellite,pfile4.pddl,False,True,60000,-1,0,-1,-1,-1,-1"
"PATTY-H,ipc-2023/satellite,pfile5.pddl,True,False,18250.0,2,40,1188,3618,2,2"
"PATTY-H,ipc-2023/satellite,pfile6.pddl,False,True,60000,-1,0,-1,-1,-1,-1"
"PATTY-H,ipc-2023/satellite,pfile7.pddl,True,False,24280.0,2,46,1492,4630,2,2"
"PATTY-H,ipc-2023/satellite,pfile8.pddl,False,True,60000,-1,0,-1,-1,-1,-1"
"PATTY-H,ipc-2023/satellite,pfile9.pddl,False,True,60000,-1,0,-1,-1,-1,-1"
"PATTY-H,ipc-2023/sugar,pfile01.pddl,True,False,3440.0,3,27,678,1994,3,3"
"PATTY-H,ipc-2023/sugar,pfile02.pddl,True,False,4590.0,3,55,786,2356,3,3"
"PATTY-H,ipc-2023/sugar,pfile03.pddl,True,False,9290.0,4,52,979,3043,4,4"
"PATTY-H,ipc-2023/sugar,pfile04.pddl,True,False,12190.0,4,73,1079,3346,4,4"
"PATTY-H,ipc-2023/sugar,pfile05.pddl,True,False,5360.0,3,44,919,2775,3,3"
"PATTY-H,ipc-2023/sugar,pfile06.pddl,True,False,2510.0,2,46,681,1931,2,2"
"PATTY-H,ipc-2023/sugar,pfile07.pddl,True,False,4160.0,3,30,858,2570,3,3"
"PATTY-H,ipc-2023/sugar,pfile08.pddl,True,False,5890.0,3,45,917,2773,3,3"
"PATTY-H,ipc-2023/sugar,pfile09.pddl,True,False,3020.0,2,35,681,1932,2,2"
"PATTY-H,ipc-2023/sugar,pfile10.pddl,True,False,8370.0,3,79,911,2749,3,3"
"PATTY-H,ipc-2023/sugar,pfile11.pddl,True,False,3060.0,2,35,670,1903,2,2"
"PATTY-H,ipc-2023/sugar,pfile12.pddl,True,False,27340.0,4,55,1157,3621,4,4"
"PATTY-H,ipc-2023/sugar,pfile13.pddl,True,False,6350.0,3,56,919,2777,3,3"
"PATTY-H,ipc-2023/sugar,pfile14.pddl,True,False,6480.0,3,54,919,2777,3,3"
"PATTY-H,ipc-2023/sugar,pfile15.pddl,True,False,7900.0,3,59,919,2776,3,3"
"PATTY-H,ipc-2023/sugar,pfile16.pddl,True,False,7240.0,3,56,919,2777,3,3"
"PATTY-H,ipc-2023/sugar,pfile17.pddl,True,False,12420.0,4,44,1157,3621,4,4"
"PATTY-H,ipc-2023/sugar,pfile18.pddl,True,False,12050.0,4,51,1151,3597,4,4"
"PATTY-H,ipc-2023/sugar,pfile19.pddl,True,False,33030.0,4,95,1150,3594,4,4"
"PATTY-H,ipc-2023/sugar,pfile20.pddl,True,False,19670.0,4,79,1157,3620,4,4"
"PATTY-H,ipc-2023/tpp,p02.pddl,True,False,1130.0,2,13,201,481,2,2"
"PATTY-H,ipc-2023/tpp,p04.pddl,True,False,1710.0,2,13,261,595,2,2"
"PATTY-H,ipc-2023/tpp,p06.pddl,False,True,60000,-1,0,-1,-1,-1,-1"
"PATTY-H,ipc-2023/tpp,p07.pddl,False,True,60000,-1,0,-1,-1,-1,-1"
"PATTY-H,ipc-2023/tpp,p17.pddl,False,True,60000,-1,0,-1,-1,-1,-1"
"PATTY-H,ipc-2023/tpp,p18.pddl,False,True,60000,-1,0,-1,-1,-1,-1"
"PATTY-H,ipc-2023/tpp,p20.pddl,False,True,60000,-1,0,-1,-1,-1,-1"
"PATTY-H,ipc-2023/tpp,p21.pddl,False,True,60000,-1,0,-1,-1,-1,-1"
"PATTY-H,ipc-2023/tpp,p22.pddl,False,True,60000,-1,0,-1,-1,-1,-1"
"PATTY-H,ipc-2023/tpp,p24.pddl,False,True,60000,-1,0,-1,-1,-1,-1"
"PATTY-H,ipc-2023/tpp,p25.pddl,False,True,60000,-1,0,-1,-1,-1,-1"
"PATTY-H,ipc-2023/tpp,p28.pddl,False,True,60000,-1,0,-1,-1,-1,-1"
"PATTY-H,ipc-2023/tpp,p29.pddl,False,True,60000,-1,0,-1,-1,-1,-1"
"PATTY-H,ipc-2023/tpp,p30.pddl,False,True,60000,-1,0,-1,-1,-1,-1"
"PATTY-H,ipc-2023/tpp,p33.pddl,False,True,60000,-1,0,-1,-1,-1,-1"
"PATTY-H,ipc-2023/tpp,p34.pddl,False,True,60000,-1,0,-1,-1,-1,-1"
"PATTY-H,ipc-2023/tpp,p36.pddl,False,True,60000,-1,0,-1,-1,-1,-1"
"PATTY-H,ipc-2023/tpp,p37.pddl,False,True,60000,-1,0,-1,-1,-1,-1"
"PATTY-H,ipc-2023/tpp,p38.pddl,False,True,60000,-1,0,-1,-1,-1,-1"
"PATTY-H,ipc-2023/tpp,p39.pddl,False,True,60000,-1,0,-1,-1,-1,-1"
"PATTY-H,ipc-2023/zenotravel,pfile1.pddl,True,False,970.0,2,9,101,268,2,2"
"PATTY-H,ipc-2023/zenotravel,pfile10.pddl,True,False,5740.0,2,37,877,3018,2,2"
"PATTY-H,ipc-2023/zenotravel,pfile11.pddl,True,False,2000.0,1,20,632,1986,1,1"
"PATTY-H,ipc-2023/zenotravel,pfile12.pddl,True,False,13650.0,2,35,1129,3941,2,2"
"PATTY-H,ipc-2023/zenotravel,pfile13.pddl,True,False,15500.0,2,43,1293,4537,2,2"
"PATTY-H,ipc-2023/zenotravel,pfile15.pddl,False,True,60000,-1,0,-1,-1,-1,-1"
"PATTY-H,ipc-2023/zenotravel,pfile16.pddl,False,True,60000,-1,0,-1,-1,-1,-1"
"PATTY-H,ipc-2023/zenotravel,pfile17.pddl,False,True,60000,-1,0,-1,-1,-1,-1"
"PATTY-H,ipc-2023/zenotravel,pfile18.pddl,False,True,60000,-1,0,-1,-1,-1,-1"
"PATTY-H,ipc-2023/zenotravel,pfile19.pddl,False,True,60000,-1,0,-1,-1,-1,-1"
"PATTY-H,ipc-2023/zenotravel,pfile2.pddl,True,False,840.0,2,6,101,268,2,2"
"PATTY-H,ipc-2023/zenotravel,pfile20.pddl,False,True,60000,-1,0,-1,-1,-1,-1"
"PATTY-H,ipc-2023/zenotravel,pfile21.pddl,False,True,60000,-1,0,-1,-1,-1,-1"
"PATTY-H,ipc-2023/zenotravel,pfile22.pddl,False,True,60000,-1,0,-1,-1,-1,-1"
"PATTY-H,ipc-2023/zenotravel,pfile23.pddl,False,True,60000,-1,0,-1,-1,-1,-1"
"PATTY-H,ipc-2023/zenotravel,pfile3.pddl,True,False,1030.0,1,10,149,393,1,1"
"PATTY-H,ipc-2023/zenotravel,pfile4.pddl,True,False,1230.0,2,14,250,778,2,2"
"PATTY-H,ipc-2023/zenotravel,pfile5.pddl,True,False,1130.0,1,14,208,579,1,1"
"PATTY-H,ipc-2023/zenotravel,pfile6.pddl,True,False,1330.0,2,17,355,1142,2,2"
"PATTY-H,ipc-2023/zenotravel,pfile8.pddl,True,False,1570.0,1,17,451,1374,1,1"